system   D d:\Libraries\build\allegro\src\allegro-git\allegro-git\src\win\wsystem.c:633  _al_win_safe_load_library        [   0.00119] PathFindOnPath found: C:\WINDOWS\system32\d3d9.dll
system   D d:\Libraries\build\allegro\src\allegro-git\allegro-git\src\win\wsystem.c:544  load_library_at_path             [   0.00133] Calling LoadLibrary C:\WINDOWS\system32\d3d9.dll
system   I d:\Libraries\build\allegro\src\allegro-git\allegro-git\src\win\wsystem.c:547  load_library_at_path             [   0.00475] Loaded C:\WINDOWS\system32\d3d9.dll
d3d      I d:\Libraries\build\allegro\src\allegro-git\allegro-git\src\win\d3d_disp.cpp:696  _al_d3d_init_display             [   0.04610] Render-to-texture: 1
system   I d:\Libraries\build\allegro\src\allegro-git\allegro-git\src\system.c:252  al_install_system                [   0.04615] Allegro version: 5.0.10
d3d      I d:\Libraries\build\allegro\src\allegro-git\allegro-git\src\win\d3d_disp.cpp:1737 d3d_create_display_locked        [   0.05007] faux_fullscreen=0
d3d      D d:\Libraries\build\allegro\src\allegro-git\allegro-git\src\win\d3d_disp.cpp:1738 d3d_create_display_locked        [   0.05012] al_display=012ACA00
d3d      D d:\Libraries\build\allegro\src\allegro-git\allegro-git\src\win\d3d_disp.cpp:1739 d3d_create_display_locked        [   0.05014] al_display->vt=012A0518
d3d      I d:\Libraries\build\allegro\src\allegro-git\allegro-git\src\win\d3d_display_formats.cpp:144  _al_d3d_generate_display_format_list [   0.28427] found 288 format combinations
display  D d:\Libraries\build\allegro\src\allegro-git\allegro-git\src\display_settings.c:191  debug_display_settings           [   0.28432] color: 32 (rgba 8880), depth: 0, stencil: 0, acc: 0000, samples: 0/0
display  D d:\Libraries\build\allegro\src\allegro-git\allegro-git\src\display_settings.c:506  _al_score_display_settings       [   0.28435] Score is : 897
display  D d:\Libraries\build\allegro\src\allegro-git\allegro-git\src\display_settings.c:191  debug_display_settings           [   0.28437] color: 32 (rgba 8880), depth: 0, stencil: 0, acc: 0000, samples: 0/0
display  D d:\Libraries\build\allegro\src\allegro-git\allegro-git\src\display_settings.c:506  _al_score_display_settings       [   0.28439] Score is : 897
display  D d:\Libraries\build\allegro\src\allegro-git\allegro-git\src\display_settings.c:191  debug_display_settings           [   0.28441] color: 32 (rgba 8880), depth: 0, stencil: 0, acc: 0000, samples: 2/1
display  D d:\Libraries\build\allegro\src\allegro-git\allegro-git\src\display_settings.c:506  _al_score_display_settings       [   0.28442] Score is : 726
display  D d:\Libraries\build\allegro\src\allegro-git\allegro-git\src\display_settings.c:191  debug_display_settings           [   0.28444] color: 32 (rgba 8880), depth: 0, stencil: 0, acc: 0000, samples: 3/1
display  D d:\Libraries\build\allegro\src\allegro-git\allegro-git\src\display_settings.c:506  _al_score_display_settings       [   0.28445] Score is : 721
display  D d:\Libraries\build\allegro\src\allegro-git\allegro-git\src\display_settings.c:191  debug_display_settings           [   0.28446] color: 32 (rgba 8880), depth: 0, stencil: 0, acc: 0000, samples: 4/1
display  D d:\Libraries\build\allegro\src\allegro-git\allegro-git\src\display_settings.c:506  _al_score_display_settings       [   0.28448] Score is : 717
display  D d:\Libraries\build\allegro\src\allegro-git\allegro-git\src\display_settings.c:191  debug_display_settings           [   0.28449] color: 32 (rgba 8880), depth: 0, stencil: 0, acc: 0000, samples: 5/1
display  D d:\Libraries\build\allegro\src\allegro-git\allegro-git\src\display_settings.c:506  _al_score_display_settings       [   0.28450] Score is : 715
display  D d:\Libraries\build\allegro\src\allegro-git\allegro-git\src\display_settings.c:191  debug_display_settings           [   0.28451] color: 32 (rgba 8880), depth: 0, stencil: 0, acc: 0000, samples: 6/1
display  D d:\Libraries\build\allegro\src\allegro-git\allegro-git\src\display_settings.c:506  _al_score_display_settings       [   0.28452] Score is : 714
display  D d:\Libraries\build\allegro\src\allegro-git\allegro-git\src\display_settings.c:191  debug_display_settings           [   0.28453] color: 32 (rgba 8880), depth: 0, stencil: 0, acc: 0000, samples: 7/1
display  D d:\Libraries\build\allegro\src\allegro-git\allegro-git\src\display_settings.c:506  _al_score_display_settings       [   0.28463] Score is : 713
display  D d:\Libraries\build\allegro\src\allegro-git\allegro-git\src\display_settings.c:191  debug_display_settings           [   0.28465] color: 32 (rgba 8880), depth: 0, stencil: 0, acc: 0000, samples: 8/1
display  D d:\Libraries\build\allegro\src\allegro-git\allegro-git\src\display_settings.c:506  _al_score_display_settings       [   0.28466] Score is : 712
display  D d:\Libraries\build\allegro\src\allegro-git\allegro-git\src\display_settings.c:191  debug_display_settings           [   0.28467] color: 32 (rgba 8880), depth: 24, stencil: 8, acc: 0000, samples: 0/0
display  D d:\Libraries\build\allegro\src\allegro-git\allegro-git\src\display_settings.c:506  _al_score_display_settings       [   0.28468] Score is : 897
display  D d:\Libraries\build\allegro\src\allegro-git\allegro-git\src\display_settings.c:191  debug_display_settings           [   0.28470] color: 32 (rgba 8880), depth: 24, stencil: 8, acc: 0000, samples: 0/0
display  D d:\Libraries\build\allegro\src\allegro-git\allegro-git\src\display_settings.c:506  _al_score_display_settings       [   0.28471] Score is : 897
display  D d:\Libraries\build\allegro\src\allegro-git\allegro-git\src\display_settings.c:191  debug_display_settings           [   0.28472] color: 32 (rgba 8880), depth: 24, stencil: 8, acc: 0000, samples: 2/1
display  D d:\Libraries\build\allegro\src\allegro-git\allegro-git\src\display_settings.c:506  _al_score_display_settings       [   0.28473] Score is : 726
display  D d:\Libraries\build\allegro\src\allegro-git\allegro-git\src\display_settings.c:191  debug_display_settings           [   0.28474] color: 32 (rgba 8880), depth: 24, stencil: 8, acc: 0000, samples: 3/1
display  D d:\Libraries\build\allegro\src\allegro-git\allegro-git\src\display_settings.c:506  _al_score_display_settings       [   0.28475] Score is : 721
display  D d:\Libraries\build\allegro\src\allegro-git\allegro-git\src\display_settings.c:191  debug_display_settings           [   0.28476] color: 32 (rgba 8880), depth: 24, stencil: 8, acc: 0000, samples: 4/1
display  D d:\Libraries\build\allegro\src\allegro-git\allegro-git\src\display_settings.c:506  _al_score_display_settings       [   0.28478] Score is : 717
display  D d:\Libraries\build\allegro\src\allegro-git\allegro-git\src\display_settings.c:191  debug_display_settings           [   0.28479] color: 32 (rgba 8880), depth: 24, stencil: 8, acc: 0000, samples: 5/1
display  D d:\Libraries\build\allegro\src\allegro-git\allegro-git\src\display_settings.c:506  _al_score_display_settings       [   0.28480] Score is : 715
display  D d:\Libraries\build\allegro\src\allegro-git\allegro-git\src\display_settings.c:191  debug_display_settings           [   0.28481] color: 32 (rgba 8880), depth: 24, stencil: 8, acc: 0000, samples: 6/1
display  D d:\Libraries\build\allegro\src\allegro-git\allegro-git\src\display_settings.c:506  _al_score_display_settings       [   0.28482] Score is : 714
display  D d:\Libraries\build\allegro\src\allegro-git\allegro-git\src\display_settings.c:191  debug_display_settings           [   0.28483] color: 32 (rgba 8880), depth: 24, stencil: 8, acc: 0000, samples: 7/1
display  D d:\Libraries\build\allegro\src\allegro-git\allegro-git\src\display_settings.c:506  _al_score_display_settings       [   0.28484] Score is : 713
display  D d:\Libraries\build\allegro\src\allegro-git\allegro-git\src\display_settings.c:191  debug_display_settings           [   0.28485] color: 32 (rgba 8880), depth: 24, stencil: 8, acc: 0000, samples: 8/1
display  D d:\Libraries\build\allegro\src\allegro-git\allegro-git\src\display_settings.c:506  _al_score_display_settings       [   0.28487] Score is : 712
display  D d:\Libraries\build\allegro\src\allegro-git\allegro-git\src\display_settings.c:191  debug_display_settings           [   0.28488] color: 32 (rgba 8880), depth: 24, stencil: 0, acc: 0000, samples: 0/0
display  D d:\Libraries\build\allegro\src\allegro-git\allegro-git\src\display_settings.c:506  _al_score_display_settings       [   0.28489] Score is : 897
display  D d:\Libraries\build\allegro\src\allegro-git\allegro-git\src\display_settings.c:191  debug_display_settings           [   0.28490] color: 32 (rgba 8880), depth: 24, stencil: 0, acc: 0000, samples: 0/0
display  D d:\Libraries\build\allegro\src\allegro-git\allegro-git\src\display_settings.c:506  _al_score_display_settings       [   0.28492] Score is : 897
display  D d:\Libraries\build\allegro\src\allegro-git\allegro-git\src\display_settings.c:191  debug_display_settings           [   0.28493] color: 32 (rgba 8880), depth: 24, stencil: 0, acc: 0000, samples: 2/1
display  D d:\Libraries\build\allegro\src\allegro-git\allegro-git\src\display_settings.c:506  _al_score_display_settings       [   0.28494] Score is : 726
display  D d:\Libraries\build\allegro\src\allegro-git\allegro-git\src\display_settings.c:191  debug_display_settings           [   0.28495] color: 32 (rgba 8880), depth: 24, stencil: 0, acc: 0000, samples: 3/1
display  D d:\Libraries\build\allegro\src\allegro-git\allegro-git\src\display_settings.c:506  _al_score_display_settings       [   0.28496] Score is : 721
display  D d:\Libraries\build\allegro\src\allegro-git\allegro-git\src\display_settings.c:191  debug_display_settings           [   0.28497] color: 32 (rgba 8880), depth: 24, stencil: 0, acc: 0000, samples: 4/1
display  D d:\Libraries\build\allegro\src\allegro-git\allegro-git\src\display_settings.c:506  _al_score_display_settings       [   0.28498] Score is : 717
display  D d:\Libraries\build\allegro\src\allegro-git\allegro-git\src\display_settings.c:191  debug_display_settings           [   0.28499] color: 32 (rgba 8880), depth: 24, stencil: 0, acc: 0000, samples: 5/1
display  D d:\Libraries\build\allegro\src\allegro-git\allegro-git\src\display_settings.c:506  _al_score_display_settings       [   0.28501] Score is : 715
display  D d:\Libraries\build\allegro\src\allegro-git\allegro-git\src\display_settings.c:191  debug_display_settings           [   0.28502] color: 32 (rgba 8880), depth: 24, stencil: 0, acc: 0000, samples: 6/1
display  D d:\Libraries\build\allegro\src\allegro-git\allegro-git\src\display_settings.c:506  _al_score_display_settings       [   0.28503] Score is : 714
display  D d:\Libraries\build\allegro\src\allegro-git\allegro-git\src\display_settings.c:191  debug_display_settings           [   0.28504] color: 32 (rgba 8880), depth: 24, stencil: 0, acc: 0000, samples: 7/1
display  D d:\Libraries\build\allegro\src\allegro-git\allegro-git\src\display_settings.c:506  _al_score_display_settings       [   0.28505] Score is : 713
display  D d:\Libraries\build\allegro\src\allegro-git\allegro-git\src\display_settings.c:191  debug_display_settings           [   0.28506] color: 32 (rgba 8880), depth: 24, stencil: 0, acc: 0000, samples: 8/1
display  D d:\Libraries\build\allegro\src\allegro-git\allegro-git\src\display_settings.c:506  _al_score_display_settings       [   0.28507] Score is : 712
display  D d:\Libraries\build\allegro\src\allegro-git\allegro-git\src\display_settings.c:191  debug_display_settings           [   0.28509] color: 32 (rgba 8880), depth: 16, stencil: 0, acc: 0000, samples: 0/0
display  D d:\Libraries\build\allegro\src\allegro-git\allegro-git\src\display_settings.c:506  _al_score_display_settings       [   0.28510] Score is : 897
display  D d:\Libraries\build\allegro\src\allegro-git\allegro-git\src\display_settings.c:191  debug_display_settings           [   0.28511] color: 32 (rgba 8880), depth: 16, stencil: 0, acc: 0000, samples: 0/0
display  D d:\Libraries\build\allegro\src\allegro-git\allegro-git\src\display_settings.c:506  _al_score_display_settings       [   0.28512] Score is : 897
display  D d:\Libraries\build\allegro\src\allegro-git\allegro-git\src\display_settings.c:191  debug_display_settings           [   0.28513] color: 32 (rgba 8880), depth: 16, stencil: 0, acc: 0000, samples: 2/1
display  D d:\Libraries\build\allegro\src\allegro-git\allegro-git\src\display_settings.c:506  _al_score_display_settings       [   0.28515] Score is : 726
display  D d:\Libraries\build\allegro\src\allegro-git\allegro-git\src\display_settings.c:191  debug_display_settings           [   0.28516] color: 32 (rgba 8880), depth: 16, stencil: 0, acc: 0000, samples: 3/1
display  D d:\Libraries\build\allegro\src\allegro-git\allegro-git\src\display_settings.c:506  _al_score_display_settings       [   0.28517] Score is : 721
display  D d:\Libraries\build\allegro\src\allegro-git\allegro-git\src\display_settings.c:191  debug_display_settings           [   0.28518] color: 32 (rgba 8880), depth: 16, stencil: 0, acc: 0000, samples: 4/1
display  D d:\Libraries\build\allegro\src\allegro-git\allegro-git\src\display_settings.c:506  _al_score_display_settings       [   0.28519] Score is : 717
display  D d:\Libraries\build\allegro\src\allegro-git\allegro-git\src\display_settings.c:191  debug_display_settings           [   0.28520] color: 32 (rgba 8880), depth: 16, stencil: 0, acc: 0000, samples: 5/1
display  D d:\Libraries\build\allegro\src\allegro-git\allegro-git\src\display_settings.c:506  _al_score_display_settings       [   0.28522] Score is : 715
display  D d:\Libraries\build\allegro\src\allegro-git\allegro-git\src\display_settings.c:191  debug_display_settings           [   0.28523] color: 32 (rgba 8880), depth: 16, stencil: 0, acc: 0000, samples: 6/1
display  D d:\Libraries\build\allegro\src\allegro-git\allegro-git\src\display_settings.c:506  _al_score_display_settings       [   0.28524] Score is : 714
display  D d:\Libraries\build\allegro\src\allegro-git\allegro-git\src\display_settings.c:191  debug_display_settings           [   0.28525] color: 32 (rgba 8880), depth: 16, stencil: 0, acc: 0000, samples: 7/1
display  D d:\Libraries\build\allegro\src\allegro-git\allegro-git\src\display_settings.c:506  _al_score_display_settings       [   0.28526] Score is : 713
display  D d:\Libraries\build\allegro\src\allegro-git\allegro-git\src\display_settings.c:191  debug_display_settings           [   0.28527] color: 32 (rgba 8880), depth: 16, stencil: 0, acc: 0000, samples: 8/1
display  D d:\Libraries\build\allegro\src\allegro-git\allegro-git\src\display_settings.c:506  _al_score_display_settings       [   0.28528] Score is : 712
display  D d:\Libraries\build\allegro\src\allegro-git\allegro-git\src\display_settings.c:191  debug_display_settings           [   0.28529] color: 16 (rgba 5650), depth: 0, stencil: 0, acc: 0000, samples: 0/0
display  D d:\Libraries\build\allegro\src\allegro-git\allegro-git\src\display_settings.c:506  _al_score_display_settings       [   0.28531] Score is : 897
display  D d:\Libraries\build\allegro\src\allegro-git\allegro-git\src\display_settings.c:191  debug_display_settings           [   0.28532] color: 16 (rgba 5650), depth: 0, stencil: 0, acc: 0000, samples: 0/0
display  D d:\Libraries\build\allegro\src\allegro-git\allegro-git\src\display_settings.c:506  _al_score_display_settings       [   0.28533] Score is : 897
display  D d:\Libraries\build\allegro\src\allegro-git\allegro-git\src\display_settings.c:191  debug_display_settings           [   0.28534] color: 16 (rgba 5650), depth: 0, stencil: 0, acc: 0000, samples: 2/1
display  D d:\Libraries\build\allegro\src\allegro-git\allegro-git\src\display_settings.c:506  _al_score_display_settings       [   0.28535] Score is : 726
display  D d:\Libraries\build\allegro\src\allegro-git\allegro-git\src\display_settings.c:191  debug_display_settings           [   0.28536] color: 16 (rgba 5650), depth: 0, stencil: 0, acc: 0000, samples: 3/1
display  D d:\Libraries\build\allegro\src\allegro-git\allegro-git\src\display_settings.c:506  _al_score_display_settings       [   0.28537] Score is : 721
display  D d:\Libraries\build\allegro\src\allegro-git\allegro-git\src\display_settings.c:191  debug_display_settings           [   0.28538] color: 16 (rgba 5650), depth: 0, stencil: 0, acc: 0000, samples: 4/1
display  D d:\Libraries\build\allegro\src\allegro-git\allegro-git\src\display_settings.c:506  _al_score_display_settings       [   0.28545] Score is : 717
display  D d:\Libraries\build\allegro\src\allegro-git\allegro-git\src\display_settings.c:191  debug_display_settings           [   0.28547] color: 16 (rgba 5650), depth: 0, stencil: 0, acc: 0000, samples: 5/1
display  D d:\Libraries\build\allegro\src\allegro-git\allegro-git\src\display_settings.c:506  _al_score_display_settings       [   0.28548] Score is : 715
display  D d:\Libraries\build\allegro\src\allegro-git\allegro-git\src\display_settings.c:191  debug_display_settings           [   0.28549] color: 16 (rgba 5650), depth: 0, stencil: 0, acc: 0000, samples: 6/1
display  D d:\Libraries\build\allegro\src\allegro-git\allegro-git\src\display_settings.c:506  _al_score_display_settings       [   0.28551] Score is : 714
display  D d:\Libraries\build\allegro\src\allegro-git\allegro-git\src\display_settings.c:191  debug_display_settings           [   0.28552] color: 16 (rgba 5650), depth: 0, stencil: 0, acc: 0000, samples: 7/1
display  D d:\Libraries\build\allegro\src\allegro-git\allegro-git\src\display_settings.c:506  _al_score_display_settings       [   0.28553] Score is : 713
display  D d:\Libraries\build\allegro\src\allegro-git\allegro-git\src\display_settings.c:191  debug_display_settings           [   0.28554] color: 16 (rgba 5650), depth: 0, stencil: 0, acc: 0000, samples: 8/1
display  D d:\Libraries\build\allegro\src\allegro-git\allegro-git\src\display_settings.c:506  _al_score_display_settings       [   0.28555] Score is : 712
display  D d:\Libraries\build\allegro\src\allegro-git\allegro-git\src\display_settings.c:191  debug_display_settings           [   0.28556] color: 16 (rgba 5650), depth: 24, stencil: 8, acc: 0000, samples: 0/0
display  D d:\Libraries\build\allegro\src\allegro-git\allegro-git\src\display_settings.c:506  _al_score_display_settings       [   0.28558] Score is : 897
display  D d:\Libraries\build\allegro\src\allegro-git\allegro-git\src\display_settings.c:191  debug_display_settings           [   0.28559] color: 16 (rgba 5650), depth: 24, stencil: 8, acc: 0000, samples: 0/0
display  D d:\Libraries\build\allegro\src\allegro-git\allegro-git\src\display_settings.c:506  _al_score_display_settings       [   0.28560] Score is : 897
display  D d:\Libraries\build\allegro\src\allegro-git\allegro-git\src\display_settings.c:191  debug_display_settings           [   0.28561] color: 16 (rgba 5650), depth: 24, stencil: 8, acc: 0000, samples: 2/1
display  D d:\Libraries\build\allegro\src\allegro-git\allegro-git\src\display_settings.c:506  _al_score_display_settings       [   0.28562] Score is : 726
display  D d:\Libraries\build\allegro\src\allegro-git\allegro-git\src\display_settings.c:191  debug_display_settings           [   0.28563] color: 16 (rgba 5650), depth: 24, stencil: 8, acc: 0000, samples: 3/1
display  D d:\Libraries\build\allegro\src\allegro-git\allegro-git\src\display_settings.c:506  _al_score_display_settings       [   0.28564] Score is : 721
display  D d:\Libraries\build\allegro\src\allegro-git\allegro-git\src\display_settings.c:191  debug_display_settings           [   0.28565] color: 16 (rgba 5650), depth: 24, stencil: 8, acc: 0000, samples: 4/1
display  D d:\Libraries\build\allegro\src\allegro-git\allegro-git\src\display_settings.c:506  _al_score_display_settings       [   0.28567] Score is : 717
display  D d:\Libraries\build\allegro\src\allegro-git\allegro-git\src\display_settings.c:191  debug_display_settings           [   0.28568] color: 16 (rgba 5650), depth: 24, stencil: 8, acc: 0000, samples: 5/1
display  D d:\Libraries\build\allegro\src\allegro-git\allegro-git\src\display_settings.c:506  _al_score_display_settings       [   0.28569] Score is : 715
display  D d:\Libraries\build\allegro\src\allegro-git\allegro-git\src\display_settings.c:191  debug_display_settings           [   0.28570] color: 16 (rgba 5650), depth: 24, stencil: 8, acc: 0000, samples: 6/1
display  D d:\Libraries\build\allegro\src\allegro-git\allegro-git\src\display_settings.c:506  _al_score_display_settings       [   0.28571] Score is : 714
display  D d:\Libraries\build\allegro\src\allegro-git\allegro-git\src\display_settings.c:191  debug_display_settings           [   0.28573] color: 16 (rgba 5650), depth: 24, stencil: 8, acc: 0000, samples: 7/1
display  D d:\Libraries\build\allegro\src\allegro-git\allegro-git\src\display_settings.c:506  _al_score_display_settings       [   0.28574] Score is : 713
display  D d:\Libraries\build\allegro\src\allegro-git\allegro-git\src\display_settings.c:191  debug_display_settings           [   0.28575] color: 16 (rgba 5650), depth: 24, stencil: 8, acc: 0000, samples: 8/1
display  D d:\Libraries\build\allegro\src\allegro-git\allegro-git\src\display_settings.c:506  _al_score_display_settings       [   0.28576] Score is : 712
display  D d:\Libraries\build\allegro\src\allegro-git\allegro-git\src\display_settings.c:191  debug_display_settings           [   0.28577] color: 16 (rgba 5650), depth: 24, stencil: 0, acc: 0000, samples: 0/0
display  D d:\Libraries\build\allegro\src\allegro-git\allegro-git\src\display_settings.c:506  _al_score_display_settings       [   0.28578] Score is : 897
display  D d:\Libraries\build\allegro\src\allegro-git\allegro-git\src\display_settings.c:191  debug_display_settings           [   0.28580] color: 16 (rgba 5650), depth: 24, stencil: 0, acc: 0000, samples: 0/0
display  D d:\Libraries\build\allegro\src\allegro-git\allegro-git\src\display_settings.c:506  _al_score_display_settings       [   0.28581] Score is : 897
display  D d:\Libraries\build\allegro\src\allegro-git\allegro-git\src\display_settings.c:191  debug_display_settings           [   0.28582] color: 16 (rgba 5650), depth: 24, stencil: 0, acc: 0000, samples: 2/1
display  D d:\Libraries\build\allegro\src\allegro-git\allegro-git\src\display_settings.c:506  _al_score_display_settings       [   0.28583] Score is : 726
display  D d:\Libraries\build\allegro\src\allegro-git\allegro-git\src\display_settings.c:191  debug_display_settings           [   0.28584] color: 16 (rgba 5650), depth: 24, stencil: 0, acc: 0000, samples: 3/1
display  D d:\Libraries\build\allegro\src\allegro-git\allegro-git\src\display_settings.c:506  _al_score_display_settings       [   0.28585] Score is : 721
display  D d:\Libraries\build\allegro\src\allegro-git\allegro-git\src\display_settings.c:191  debug_display_settings           [   0.28586] color: 16 (rgba 5650), depth: 24, stencil: 0, acc: 0000, samples: 4/1
display  D d:\Libraries\build\allegro\src\allegro-git\allegro-git\src\display_settings.c:506  _al_score_display_settings       [   0.28588] Score is : 717
display  D d:\Libraries\build\allegro\src\allegro-git\allegro-git\src\display_settings.c:191  debug_display_settings           [   0.28589] color: 16 (rgba 5650), depth: 24, stencil: 0, acc: 0000, samples: 5/1
display  D d:\Libraries\build\allegro\src\allegro-git\allegro-git\src\display_settings.c:506  _al_score_display_settings       [   0.28590] Score is : 715
display  D d:\Libraries\build\allegro\src\allegro-git\allegro-git\src\display_settings.c:191  debug_display_settings           [   0.28591] color: 16 (rgba 5650), depth: 24, stencil: 0, acc: 0000, samples: 6/1
display  D d:\Libraries\build\allegro\src\allegro-git\allegro-git\src\display_settings.c:506  _al_score_display_settings       [   0.28592] Score is : 714
display  D d:\Libraries\build\allegro\src\allegro-git\allegro-git\src\display_settings.c:191  debug_display_settings           [   0.28593] color: 16 (rgba 5650), depth: 24, stencil: 0, acc: 0000, samples: 7/1
display  D d:\Libraries\build\allegro\src\allegro-git\allegro-git\src\display_settings.c:506  _al_score_display_settings       [   0.28594] Score is : 713
display  D d:\Libraries\build\allegro\src\allegro-git\allegro-git\src\display_settings.c:191  debug_display_settings           [   0.28596] color: 16 (rgba 5650), depth: 24, stencil: 0, acc: 0000, samples: 8/1
display  D d:\Libraries\build\allegro\src\allegro-git\allegro-git\src\display_settings.c:506  _al_score_display_settings       [   0.28597] Score is : 712
display  D d:\Libraries\build\allegro\src\allegro-git\allegro-git\src\display_settings.c:191  debug_display_settings           [   0.28598] color: 16 (rgba 5650), depth: 16, stencil: 0, acc: 0000, samples: 0/0
display  D d:\Libraries\build\allegro\src\allegro-git\allegro-git\src\display_settings.c:506  _al_score_display_settings       [   0.28600] Score is : 897
display  D d:\Libraries\build\allegro\src\allegro-git\allegro-git\src\display_settings.c:191  debug_display_settings           [   0.28601] color: 16 (rgba 5650), depth: 16, stencil: 0, acc: 0000, samples: 0/0
display  D d:\Libraries\build\allegro\src\allegro-git\allegro-git\src\display_settings.c:506  _al_score_display_settings       [   0.28602] Score is : 897
display  D d:\Libraries\build\allegro\src\allegro-git\allegro-git\src\display_settings.c:191  debug_display_settings           [   0.28603] color: 16 (rgba 5650), depth: 16, stencil: 0, acc: 0000, samples: 2/1
display  D d:\Libraries\build\allegro\src\allegro-git\allegro-git\src\display_settings.c:506  _al_score_display_settings       [   0.28604] Score is : 726
display  D d:\Libraries\build\allegro\src\allegro-git\allegro-git\src\display_settings.c:191  debug_display_settings           [   0.28605] color: 16 (rgba 5650), depth: 16, stencil: 0, acc: 0000, samples: 3/1
display  D d:\Libraries\build\allegro\src\allegro-git\allegro-git\src\display_settings.c:506  _al_score_display_settings       [   0.28606] Score is : 721
display  D d:\Libraries\build\allegro\src\allegro-git\allegro-git\src\display_settings.c:191  debug_display_settings           [   0.28607] color: 16 (rgba 5650), depth: 16, stencil: 0, acc: 0000, samples: 4/1
display  D d:\Libraries\build\allegro\src\allegro-git\allegro-git\src\display_settings.c:506  _al_score_display_settings       [   0.28609] Score is : 717
display  D d:\Libraries\build\allegro\src\allegro-git\allegro-git\src\display_settings.c:191  debug_display_settings           [   0.28610] color: 16 (rgba 5650), depth: 16, stencil: 0, acc: 0000, samples: 5/1
display  D d:\Libraries\build\allegro\src\allegro-git\allegro-git\src\display_settings.c:506  _al_score_display_settings       [   0.28611] Score is : 715
display  D d:\Libraries\build\allegro\src\allegro-git\allegro-git\src\display_settings.c:191  debug_display_settings           [   0.28612] color: 16 (rgba 5650), depth: 16, stencil: 0, acc: 0000, samples: 6/1
display  D d:\Libraries\build\allegro\src\allegro-git\allegro-git\src\display_settings.c:506  _al_score_display_settings       [   0.28613] Score is : 714
display  D d:\Libraries\build\allegro\src\allegro-git\allegro-git\src\display_settings.c:191  debug_display_settings           [   0.28614] color: 16 (rgba 5650), depth: 16, stencil: 0, acc: 0000, samples: 7/1
display  D d:\Libraries\build\allegro\src\allegro-git\allegro-git\src\display_settings.c:506  _al_score_display_settings       [   0.28615] Score is : 713
display  D d:\Libraries\build\allegro\src\allegro-git\allegro-git\src\display_settings.c:191  debug_display_settings           [   0.28616] color: 16 (rgba 5650), depth: 16, stencil: 0, acc: 0000, samples: 8/1
display  D d:\Libraries\build\allegro\src\allegro-git\allegro-git\src\display_settings.c:506  _al_score_display_settings       [   0.28618] Score is : 712
display  D d:\Libraries\build\allegro\src\allegro-git\allegro-git\src\display_settings.c:191  debug_display_settings           [   0.28619] color: 32 (rgba 8880), depth: 0, stencil: 0, acc: 0000, samples: 0/0
display  D d:\Libraries\build\allegro\src\allegro-git\allegro-git\src\display_settings.c:377  _al_score_display_settings       [   0.28620] Single Buffer requirement not met.
display  D d:\Libraries\build\allegro\src\allegro-git\allegro-git\src\display_settings.c:191  debug_display_settings           [   0.28621] color: 32 (rgba 8880), depth: 0, stencil: 0, acc: 0000, samples: 0/0
display  D d:\Libraries\build\allegro\src\allegro-git\allegro-git\src\display_settings.c:377  _al_score_display_settings       [   0.28622] Single Buffer requirement not met.
display  D d:\Libraries\build\allegro\src\allegro-git\allegro-git\src\display_settings.c:191  debug_display_settings           [   0.28624] color: 32 (rgba 8880), depth: 0, stencil: 0, acc: 0000, samples: 2/1
display  D d:\Libraries\build\allegro\src\allegro-git\allegro-git\src\display_settings.c:377  _al_score_display_settings       [   0.28625] Single Buffer requirement not met.
display  D d:\Libraries\build\allegro\src\allegro-git\allegro-git\src\display_settings.c:191  debug_display_settings           [   0.28626] color: 32 (rgba 8880), depth: 0, stencil: 0, acc: 0000, samples: 3/1
display  D d:\Libraries\build\allegro\src\allegro-git\allegro-git\src\display_settings.c:377  _al_score_display_settings       [   0.28627] Single Buffer requirement not met.
display  D d:\Libraries\build\allegro\src\allegro-git\allegro-git\src\display_settings.c:191  debug_display_settings           [   0.28628] color: 32 (rgba 8880), depth: 0, stencil: 0, acc: 0000, samples: 4/1
display  D d:\Libraries\build\allegro\src\allegro-git\allegro-git\src\display_settings.c:377  _al_score_display_settings       [   0.28629] Single Buffer requirement not met.
display  D d:\Libraries\build\allegro\src\allegro-git\allegro-git\src\display_settings.c:191  debug_display_settings           [   0.28631] color: 32 (rgba 8880), depth: 0, stencil: 0, acc: 0000, samples: 5/1
display  D d:\Libraries\build\allegro\src\allegro-git\allegro-git\src\display_settings.c:377  _al_score_display_settings       [   0.28632] Single Buffer requirement not met.
display  D d:\Libraries\build\allegro\src\allegro-git\allegro-git\src\display_settings.c:191  debug_display_settings           [   0.28633] color: 32 (rgba 8880), depth: 0, stencil: 0, acc: 0000, samples: 6/1
display  D d:\Libraries\build\allegro\src\allegro-git\allegro-git\src\display_settings.c:377  _al_score_display_settings       [   0.28634] Single Buffer requirement not met.
display  D d:\Libraries\build\allegro\src\allegro-git\allegro-git\src\display_settings.c:191  debug_display_settings           [   0.28635] color: 32 (rgba 8880), depth: 0, stencil: 0, acc: 0000, samples: 7/1
display  D d:\Libraries\build\allegro\src\allegro-git\allegro-git\src\display_settings.c:377  _al_score_display_settings       [   0.28636] Single Buffer requirement not met.
display  D d:\Libraries\build\allegro\src\allegro-git\allegro-git\src\display_settings.c:191  debug_display_settings           [   0.28637] color: 32 (rgba 8880), depth: 0, stencil: 0, acc: 0000, samples: 8/1
display  D d:\Libraries\build\allegro\src\allegro-git\allegro-git\src\display_settings.c:377  _al_score_display_settings       [   0.28639] Single Buffer requirement not met.
display  D d:\Libraries\build\allegro\src\allegro-git\allegro-git\src\display_settings.c:191  debug_display_settings           [   0.28640] color: 32 (rgba 8880), depth: 24, stencil: 8, acc: 0000, samples: 0/0
display  D d:\Libraries\build\allegro\src\allegro-git\allegro-git\src\display_settings.c:377  _al_score_display_settings       [   0.28641] Single Buffer requirement not met.
display  D d:\Libraries\build\allegro\src\allegro-git\allegro-git\src\display_settings.c:191  debug_display_settings           [   0.28642] color: 32 (rgba 8880), depth: 24, stencil: 8, acc: 0000, samples: 0/0
display  D d:\Libraries\build\allegro\src\allegro-git\allegro-git\src\display_settings.c:377  _al_score_display_settings       [   0.28643] Single Buffer requirement not met.
display  D d:\Libraries\build\allegro\src\allegro-git\allegro-git\src\display_settings.c:191  debug_display_settings           [   0.28644] color: 32 (rgba 8880), depth: 24, stencil: 8, acc: 0000, samples: 2/1
display  D d:\Libraries\build\allegro\src\allegro-git\allegro-git\src\display_settings.c:377  _al_score_display_settings       [   0.28646] Single Buffer requirement not met.
display  D d:\Libraries\build\allegro\src\allegro-git\allegro-git\src\display_settings.c:191  debug_display_settings           [   0.28647] color: 32 (rgba 8880), depth: 24, stencil: 8, acc: 0000, samples: 3/1
display  D d:\Libraries\build\allegro\src\allegro-git\allegro-git\src\display_settings.c:377  _al_score_display_settings       [   0.28652] Single Buffer requirement not met.
display  D d:\Libraries\build\allegro\src\allegro-git\allegro-git\src\display_settings.c:191  debug_display_settings           [   0.28653] color: 32 (rgba 8880), depth: 24, stencil: 8, acc: 0000, samples: 4/1
display  D d:\Libraries\build\allegro\src\allegro-git\allegro-git\src\display_settings.c:377  _al_score_display_settings       [   0.28654] Single Buffer requirement not met.
display  D d:\Libraries\build\allegro\src\allegro-git\allegro-git\src\display_settings.c:191  debug_display_settings           [   0.28656] color: 32 (rgba 8880), depth: 24, stencil: 8, acc: 0000, samples: 5/1
display  D d:\Libraries\build\allegro\src\allegro-git\allegro-git\src\display_settings.c:377  _al_score_display_settings       [   0.28657] Single Buffer requirement not met.
display  D d:\Libraries\build\allegro\src\allegro-git\allegro-git\src\display_settings.c:191  debug_display_settings           [   0.28658] color: 32 (rgba 8880), depth: 24, stencil: 8, acc: 0000, samples: 6/1
display  D d:\Libraries\build\allegro\src\allegro-git\allegro-git\src\display_settings.c:377  _al_score_display_settings       [   0.28659] Single Buffer requirement not met.
display  D d:\Libraries\build\allegro\src\allegro-git\allegro-git\src\display_settings.c:191  debug_display_settings           [   0.28660] color: 32 (rgba 8880), depth: 24, stencil: 8, acc: 0000, samples: 7/1
display  D d:\Libraries\build\allegro\src\allegro-git\allegro-git\src\display_settings.c:377  _al_score_display_settings       [   0.28661] Single Buffer requirement not met.
display  D d:\Libraries\build\allegro\src\allegro-git\allegro-git\src\display_settings.c:191  debug_display_settings           [   0.28662] color: 32 (rgba 8880), depth: 24, stencil: 8, acc: 0000, samples: 8/1
display  D d:\Libraries\build\allegro\src\allegro-git\allegro-git\src\display_settings.c:377  _al_score_display_settings       [   0.28664] Single Buffer requirement not met.
display  D d:\Libraries\build\allegro\src\allegro-git\allegro-git\src\display_settings.c:191  debug_display_settings           [   0.28665] color: 32 (rgba 8880), depth: 24, stencil: 0, acc: 0000, samples: 0/0
display  D d:\Libraries\build\allegro\src\allegro-git\allegro-git\src\display_settings.c:377  _al_score_display_settings       [   0.28666] Single Buffer requirement not met.
display  D d:\Libraries\build\allegro\src\allegro-git\allegro-git\src\display_settings.c:191  debug_display_settings           [   0.28667] color: 32 (rgba 8880), depth: 24, stencil: 0, acc: 0000, samples: 0/0
display  D d:\Libraries\build\allegro\src\allegro-git\allegro-git\src\display_settings.c:377  _al_score_display_settings       [   0.28668] Single Buffer requirement not met.
display  D d:\Libraries\build\allegro\src\allegro-git\allegro-git\src\display_settings.c:191  debug_display_settings           [   0.28669] color: 32 (rgba 8880), depth: 24, stencil: 0, acc: 0000, samples: 2/1
display  D d:\Libraries\build\allegro\src\allegro-git\allegro-git\src\display_settings.c:377  _al_score_display_settings       [   0.28671] Single Buffer requirement not met.
display  D d:\Libraries\build\allegro\src\allegro-git\allegro-git\src\display_settings.c:191  debug_display_settings           [   0.28672] color: 32 (rgba 8880), depth: 24, stencil: 0, acc: 0000, samples: 3/1
display  D d:\Libraries\build\allegro\src\allegro-git\allegro-git\src\display_settings.c:377  _al_score_display_settings       [   0.28673] Single Buffer requirement not met.
display  D d:\Libraries\build\allegro\src\allegro-git\allegro-git\src\display_settings.c:191  debug_display_settings           [   0.28674] color: 32 (rgba 8880), depth: 24, stencil: 0, acc: 0000, samples: 4/1
display  D d:\Libraries\build\allegro\src\allegro-git\allegro-git\src\display_settings.c:377  _al_score_display_settings       [   0.28675] Single Buffer requirement not met.
display  D d:\Libraries\build\allegro\src\allegro-git\allegro-git\src\display_settings.c:191  debug_display_settings           [   0.28676] color: 32 (rgba 8880), depth: 24, stencil: 0, acc: 0000, samples: 5/1
display  D d:\Libraries\build\allegro\src\allegro-git\allegro-git\src\display_settings.c:377  _al_score_display_settings       [   0.28678] Single Buffer requirement not met.
display  D d:\Libraries\build\allegro\src\allegro-git\allegro-git\src\display_settings.c:191  debug_display_settings           [   0.28679] color: 32 (rgba 8880), depth: 24, stencil: 0, acc: 0000, samples: 6/1
display  D d:\Libraries\build\allegro\src\allegro-git\allegro-git\src\display_settings.c:377  _al_score_display_settings       [   0.28680] Single Buffer requirement not met.
display  D d:\Libraries\build\allegro\src\allegro-git\allegro-git\src\display_settings.c:191  debug_display_settings           [   0.28681] color: 32 (rgba 8880), depth: 24, stencil: 0, acc: 0000, samples: 7/1
display  D d:\Libraries\build\allegro\src\allegro-git\allegro-git\src\display_settings.c:377  _al_score_display_settings       [   0.28682] Single Buffer requirement not met.
display  D d:\Libraries\build\allegro\src\allegro-git\allegro-git\src\display_settings.c:191  debug_display_settings           [   0.28683] color: 32 (rgba 8880), depth: 24, stencil: 0, acc: 0000, samples: 8/1
display  D d:\Libraries\build\allegro\src\allegro-git\allegro-git\src\display_settings.c:377  _al_score_display_settings       [   0.28685] Single Buffer requirement not met.
display  D d:\Libraries\build\allegro\src\allegro-git\allegro-git\src\display_settings.c:191  debug_display_settings           [   0.28686] color: 32 (rgba 8880), depth: 16, stencil: 0, acc: 0000, samples: 0/0
display  D d:\Libraries\build\allegro\src\allegro-git\allegro-git\src\display_settings.c:377  _al_score_display_settings       [   0.28687] Single Buffer requirement not met.
display  D d:\Libraries\build\allegro\src\allegro-git\allegro-git\src\display_settings.c:191  debug_display_settings           [   0.28688] color: 32 (rgba 8880), depth: 16, stencil: 0, acc: 0000, samples: 0/0
display  D d:\Libraries\build\allegro\src\allegro-git\allegro-git\src\display_settings.c:377  _al_score_display_settings       [   0.28689] Single Buffer requirement not met.
display  D d:\Libraries\build\allegro\src\allegro-git\allegro-git\src\display_settings.c:191  debug_display_settings           [   0.28690] color: 32 (rgba 8880), depth: 16, stencil: 0, acc: 0000, samples: 2/1
display  D d:\Libraries\build\allegro\src\allegro-git\allegro-git\src\display_settings.c:377  _al_score_display_settings       [   0.28691] Single Buffer requirement not met.
display  D d:\Libraries\build\allegro\src\allegro-git\allegro-git\src\display_settings.c:191  debug_display_settings           [   0.28693] color: 32 (rgba 8880), depth: 16, stencil: 0, acc: 0000, samples: 3/1
display  D d:\Libraries\build\allegro\src\allegro-git\allegro-git\src\display_settings.c:377  _al_score_display_settings       [   0.28694] Single Buffer requirement not met.
display  D d:\Libraries\build\allegro\src\allegro-git\allegro-git\src\display_settings.c:191  debug_display_settings           [   0.28695] color: 32 (rgba 8880), depth: 16, stencil: 0, acc: 0000, samples: 4/1
display  D d:\Libraries\build\allegro\src\allegro-git\allegro-git\src\display_settings.c:377  _al_score_display_settings       [   0.28696] Single Buffer requirement not met.
display  D d:\Libraries\build\allegro\src\allegro-git\allegro-git\src\display_settings.c:191  debug_display_settings           [   0.28697] color: 32 (rgba 8880), depth: 16, stencil: 0, acc: 0000, samples: 5/1
display  D d:\Libraries\build\allegro\src\allegro-git\allegro-git\src\display_settings.c:377  _al_score_display_settings       [   0.28698] Single Buffer requirement not met.
display  D d:\Libraries\build\allegro\src\allegro-git\allegro-git\src\display_settings.c:191  debug_display_settings           [   0.28699] color: 32 (rgba 8880), depth: 16, stencil: 0, acc: 0000, samples: 6/1
display  D d:\Libraries\build\allegro\src\allegro-git\allegro-git\src\display_settings.c:377  _al_score_display_settings       [   0.28701] Single Buffer requirement not met.
display  D d:\Libraries\build\allegro\src\allegro-git\allegro-git\src\display_settings.c:191  debug_display_settings           [   0.28702] color: 32 (rgba 8880), depth: 16, stencil: 0, acc: 0000, samples: 7/1
display  D d:\Libraries\build\allegro\src\allegro-git\allegro-git\src\display_settings.c:377  _al_score_display_settings       [   0.28703] Single Buffer requirement not met.
display  D d:\Libraries\build\allegro\src\allegro-git\allegro-git\src\display_settings.c:191  debug_display_settings           [   0.28704] color: 32 (rgba 8880), depth: 16, stencil: 0, acc: 0000, samples: 8/1
display  D d:\Libraries\build\allegro\src\allegro-git\allegro-git\src\display_settings.c:377  _al_score_display_settings       [   0.28706] Single Buffer requirement not met.
display  D d:\Libraries\build\allegro\src\allegro-git\allegro-git\src\display_settings.c:191  debug_display_settings           [   0.28707] color: 16 (rgba 5650), depth: 0, stencil: 0, acc: 0000, samples: 0/0
display  D d:\Libraries\build\allegro\src\allegro-git\allegro-git\src\display_settings.c:377  _al_score_display_settings       [   0.28708] Single Buffer requirement not met.
display  D d:\Libraries\build\allegro\src\allegro-git\allegro-git\src\display_settings.c:191  debug_display_settings           [   0.28709] color: 16 (rgba 5650), depth: 0, stencil: 0, acc: 0000, samples: 0/0
display  D d:\Libraries\build\allegro\src\allegro-git\allegro-git\src\display_settings.c:377  _al_score_display_settings       [   0.28710] Single Buffer requirement not met.
display  D d:\Libraries\build\allegro\src\allegro-git\allegro-git\src\display_settings.c:191  debug_display_settings           [   0.28711] color: 16 (rgba 5650), depth: 0, stencil: 0, acc: 0000, samples: 2/1
display  D d:\Libraries\build\allegro\src\allegro-git\allegro-git\src\display_settings.c:377  _al_score_display_settings       [   0.28713] Single Buffer requirement not met.
display  D d:\Libraries\build\allegro\src\allegro-git\allegro-git\src\display_settings.c:191  debug_display_settings           [   0.28714] color: 16 (rgba 5650), depth: 0, stencil: 0, acc: 0000, samples: 3/1
display  D d:\Libraries\build\allegro\src\allegro-git\allegro-git\src\display_settings.c:377  _al_score_display_settings       [   0.28715] Single Buffer requirement not met.
display  D d:\Libraries\build\allegro\src\allegro-git\allegro-git\src\display_settings.c:191  debug_display_settings           [   0.28716] color: 16 (rgba 5650), depth: 0, stencil: 0, acc: 0000, samples: 4/1
display  D d:\Libraries\build\allegro\src\allegro-git\allegro-git\src\display_settings.c:377  _al_score_display_settings       [   0.28717] Single Buffer requirement not met.
display  D d:\Libraries\build\allegro\src\allegro-git\allegro-git\src\display_settings.c:191  debug_display_settings           [   0.28718] color: 16 (rgba 5650), depth: 0, stencil: 0, acc: 0000, samples: 5/1
display  D d:\Libraries\build\allegro\src\allegro-git\allegro-git\src\display_settings.c:377  _al_score_display_settings       [   0.28719] Single Buffer requirement not met.
display  D d:\Libraries\build\allegro\src\allegro-git\allegro-git\src\display_settings.c:191  debug_display_settings           [   0.28720] color: 16 (rgba 5650), depth: 0, stencil: 0, acc: 0000, samples: 6/1
display  D d:\Libraries\build\allegro\src\allegro-git\allegro-git\src\display_settings.c:377  _al_score_display_settings       [   0.28722] Single Buffer requirement not met.
display  D d:\Libraries\build\allegro\src\allegro-git\allegro-git\src\display_settings.c:191  debug_display_settings           [   0.28723] color: 16 (rgba 5650), depth: 0, stencil: 0, acc: 0000, samples: 7/1
display  D d:\Libraries\build\allegro\src\allegro-git\allegro-git\src\display_settings.c:377  _al_score_display_settings       [   0.28724] Single Buffer requirement not met.
display  D d:\Libraries\build\allegro\src\allegro-git\allegro-git\src\display_settings.c:191  debug_display_settings           [   0.28725] color: 16 (rgba 5650), depth: 0, stencil: 0, acc: 0000, samples: 8/1
display  D d:\Libraries\build\allegro\src\allegro-git\allegro-git\src\display_settings.c:377  _al_score_display_settings       [   0.28727] Single Buffer requirement not met.
display  D d:\Libraries\build\allegro\src\allegro-git\allegro-git\src\display_settings.c:191  debug_display_settings           [   0.28728] color: 16 (rgba 5650), depth: 24, stencil: 8, acc: 0000, samples: 0/0
display  D d:\Libraries\build\allegro\src\allegro-git\allegro-git\src\display_settings.c:377  _al_score_display_settings       [   0.28729] Single Buffer requirement not met.
display  D d:\Libraries\build\allegro\src\allegro-git\allegro-git\src\display_settings.c:191  debug_display_settings           [   0.28730] color: 16 (rgba 5650), depth: 24, stencil: 8, acc: 0000, samples: 0/0
display  D d:\Libraries\build\allegro\src\allegro-git\allegro-git\src\display_settings.c:377  _al_score_display_settings       [   0.28731] Single Buffer requirement not met.
display  D d:\Libraries\build\allegro\src\allegro-git\allegro-git\src\display_settings.c:191  debug_display_settings           [   0.28732] color: 16 (rgba 5650), depth: 24, stencil: 8, acc: 0000, samples: 2/1
display  D d:\Libraries\build\allegro\src\allegro-git\allegro-git\src\display_settings.c:377  _al_score_display_settings       [   0.28734] Single Buffer requirement not met.
display  D d:\Libraries\build\allegro\src\allegro-git\allegro-git\src\display_settings.c:191  debug_display_settings           [   0.28735] color: 16 (rgba 5650), depth: 24, stencil: 8, acc: 0000, samples: 3/1
display  D d:\Libraries\build\allegro\src\allegro-git\allegro-git\src\display_settings.c:377  _al_score_display_settings       [   0.28736] Single Buffer requirement not met.
display  D d:\Libraries\build\allegro\src\allegro-git\allegro-git\src\display_settings.c:191  debug_display_settings           [   0.28737] color: 16 (rgba 5650), depth: 24, stencil: 8, acc: 0000, samples: 4/1
display  D d:\Libraries\build\allegro\src\allegro-git\allegro-git\src\display_settings.c:377  _al_score_display_settings       [   0.28738] Single Buffer requirement not met.
display  D d:\Libraries\build\allegro\src\allegro-git\allegro-git\src\display_settings.c:191  debug_display_settings           [   0.28739] color: 16 (rgba 5650), depth: 24, stencil: 8, acc: 0000, samples: 5/1
display  D d:\Libraries\build\allegro\src\allegro-git\allegro-git\src\display_settings.c:377  _al_score_display_settings       [   0.28740] Single Buffer requirement not met.
display  D d:\Libraries\build\allegro\src\allegro-git\allegro-git\src\display_settings.c:191  debug_display_settings           [   0.28741] color: 16 (rgba 5650), depth: 24, stencil: 8, acc: 0000, samples: 6/1
display  D d:\Libraries\build\allegro\src\allegro-git\allegro-git\src\display_settings.c:377  _al_score_display_settings       [   0.28743] Single Buffer requirement not met.
display  D d:\Libraries\build\allegro\src\allegro-git\allegro-git\src\display_settings.c:191  debug_display_settings           [   0.28744] color: 16 (rgba 5650), depth: 24, stencil: 8, acc: 0000, samples: 7/1
display  D d:\Libraries\build\allegro\src\allegro-git\allegro-git\src\display_settings.c:377  _al_score_display_settings       [   0.28745] Single Buffer requirement not met.
display  D d:\Libraries\build\allegro\src\allegro-git\allegro-git\src\display_settings.c:191  debug_display_settings           [   0.28746] color: 16 (rgba 5650), depth: 24, stencil: 8, acc: 0000, samples: 8/1
display  D d:\Libraries\build\allegro\src\allegro-git\allegro-git\src\display_settings.c:377  _al_score_display_settings       [   0.28747] Single Buffer requirement not met.
display  D d:\Libraries\build\allegro\src\allegro-git\allegro-git\src\display_settings.c:191  debug_display_settings           [   0.28748] color: 16 (rgba 5650), depth: 24, stencil: 0, acc: 0000, samples: 0/0
display  D d:\Libraries\build\allegro\src\allegro-git\allegro-git\src\display_settings.c:377  _al_score_display_settings       [   0.28749] Single Buffer requirement not met.
display  D d:\Libraries\build\allegro\src\allegro-git\allegro-git\src\display_settings.c:191  debug_display_settings           [   0.28751] color: 16 (rgba 5650), depth: 24, stencil: 0, acc: 0000, samples: 0/0
display  D d:\Libraries\build\allegro\src\allegro-git\allegro-git\src\display_settings.c:377  _al_score_display_settings       [   0.28752] Single Buffer requirement not met.
display  D d:\Libraries\build\allegro\src\allegro-git\allegro-git\src\display_settings.c:191  debug_display_settings           [   0.28753] color: 16 (rgba 5650), depth: 24, stencil: 0, acc: 0000, samples: 2/1
display  D d:\Libraries\build\allegro\src\allegro-git\allegro-git\src\display_settings.c:377  _al_score_display_settings       [   0.28754] Single Buffer requirement not met.
display  D d:\Libraries\build\allegro\src\allegro-git\allegro-git\src\display_settings.c:191  debug_display_settings           [   0.28755] color: 16 (rgba 5650), depth: 24, stencil: 0, acc: 0000, samples: 3/1
display  D d:\Libraries\build\allegro\src\allegro-git\allegro-git\src\display_settings.c:377  _al_score_display_settings       [   0.28757] Single Buffer requirement not met.
display  D d:\Libraries\build\allegro\src\allegro-git\allegro-git\src\display_settings.c:191  debug_display_settings           [   0.28758] color: 16 (rgba 5650), depth: 24, stencil: 0, acc: 0000, samples: 4/1
display  D d:\Libraries\build\allegro\src\allegro-git\allegro-git\src\display_settings.c:377  _al_score_display_settings       [   0.28759] Single Buffer requirement not met.
display  D d:\Libraries\build\allegro\src\allegro-git\allegro-git\src\display_settings.c:191  debug_display_settings           [   0.28760] color: 16 (rgba 5650), depth: 24, stencil: 0, acc: 0000, samples: 5/1
display  D d:\Libraries\build\allegro\src\allegro-git\allegro-git\src\display_settings.c:377  _al_score_display_settings       [   0.28761] Single Buffer requirement not met.
display  D d:\Libraries\build\allegro\src\allegro-git\allegro-git\src\display_settings.c:191  debug_display_settings           [   0.28762] color: 16 (rgba 5650), depth: 24, stencil: 0, acc: 0000, samples: 6/1
display  D d:\Libraries\build\allegro\src\allegro-git\allegro-git\src\display_settings.c:377  _al_score_display_settings       [   0.28764] Single Buffer requirement not met.
display  D d:\Libraries\build\allegro\src\allegro-git\allegro-git\src\display_settings.c:191  debug_display_settings           [   0.28765] color: 16 (rgba 5650), depth: 24, stencil: 0, acc: 0000, samples: 7/1
display  D d:\Libraries\build\allegro\src\allegro-git\allegro-git\src\display_settings.c:377  _al_score_display_settings       [   0.28766] Single Buffer requirement not met.
display  D d:\Libraries\build\allegro\src\allegro-git\allegro-git\src\display_settings.c:191  debug_display_settings           [   0.28767] color: 16 (rgba 5650), depth: 24, stencil: 0, acc: 0000, samples: 8/1
display  D d:\Libraries\build\allegro\src\allegro-git\allegro-git\src\display_settings.c:377  _al_score_display_settings       [   0.28768] Single Buffer requirement not met.
display  D d:\Libraries\build\allegro\src\allegro-git\allegro-git\src\display_settings.c:191  debug_display_settings           [   0.28769] color: 16 (rgba 5650), depth: 16, stencil: 0, acc: 0000, samples: 0/0
display  D d:\Libraries\build\allegro\src\allegro-git\allegro-git\src\display_settings.c:377  _al_score_display_settings       [   0.28770] Single Buffer requirement not met.
display  D d:\Libraries\build\allegro\src\allegro-git\allegro-git\src\display_settings.c:191  debug_display_settings           [   0.28771] color: 16 (rgba 5650), depth: 16, stencil: 0, acc: 0000, samples: 0/0
display  D d:\Libraries\build\allegro\src\allegro-git\allegro-git\src\display_settings.c:377  _al_score_display_settings       [   0.28773] Single Buffer requirement not met.
display  D d:\Libraries\build\allegro\src\allegro-git\allegro-git\src\display_settings.c:191  debug_display_settings           [   0.28774] color: 16 (rgba 5650), depth: 16, stencil: 0, acc: 0000, samples: 2/1
display  D d:\Libraries\build\allegro\src\allegro-git\allegro-git\src\display_settings.c:377  _al_score_display_settings       [   0.28775] Single Buffer requirement not met.
display  D d:\Libraries\build\allegro\src\allegro-git\allegro-git\src\display_settings.c:191  debug_display_settings           [   0.28776] color: 16 (rgba 5650), depth: 16, stencil: 0, acc: 0000, samples: 3/1
display  D d:\Libraries\build\allegro\src\allegro-git\allegro-git\src\display_settings.c:377  _al_score_display_settings       [   0.28778] Single Buffer requirement not met.
display  D d:\Libraries\build\allegro\src\allegro-git\allegro-git\src\display_settings.c:191  debug_display_settings           [   0.28779] color: 16 (rgba 5650), depth: 16, stencil: 0, acc: 0000, samples: 4/1
display  D d:\Libraries\build\allegro\src\allegro-git\allegro-git\src\display_settings.c:377  _al_score_display_settings       [   0.28780] Single Buffer requirement not met.
display  D d:\Libraries\build\allegro\src\allegro-git\allegro-git\src\display_settings.c:191  debug_display_settings           [   0.28781] color: 16 (rgba 5650), depth: 16, stencil: 0, acc: 0000, samples: 5/1
display  D d:\Libraries\build\allegro\src\allegro-git\allegro-git\src\display_settings.c:377  _al_score_display_settings       [   0.28782] Single Buffer requirement not met.
display  D d:\Libraries\build\allegro\src\allegro-git\allegro-git\src\display_settings.c:191  debug_display_settings           [   0.28783] color: 16 (rgba 5650), depth: 16, stencil: 0, acc: 0000, samples: 6/1
display  D d:\Libraries\build\allegro\src\allegro-git\allegro-git\src\display_settings.c:377  _al_score_display_settings       [   0.28784] Single Buffer requirement not met.
display  D d:\Libraries\build\allegro\src\allegro-git\allegro-git\src\display_settings.c:191  debug_display_settings           [   0.28786] color: 16 (rgba 5650), depth: 16, stencil: 0, acc: 0000, samples: 7/1
display  D d:\Libraries\build\allegro\src\allegro-git\allegro-git\src\display_settings.c:377  _al_score_display_settings       [   0.28787] Single Buffer requirement not met.
display  D d:\Libraries\build\allegro\src\allegro-git\allegro-git\src\display_settings.c:191  debug_display_settings           [   0.28788] color: 16 (rgba 5650), depth: 16, stencil: 0, acc: 0000, samples: 8/1
display  D d:\Libraries\build\allegro\src\allegro-git\allegro-git\src\display_settings.c:377  _al_score_display_settings       [   0.28789] Single Buffer requirement not met.
display  D d:\Libraries\build\allegro\src\allegro-git\allegro-git\src\display_settings.c:191  debug_display_settings           [   0.28790] color: 32 (rgba 8880), depth: 0, stencil: 0, acc: 0000, samples: 0/0
display  D d:\Libraries\build\allegro\src\allegro-git\allegro-git\src\display_settings.c:506  _al_score_display_settings       [   0.28791] Score is : 769
display  D d:\Libraries\build\allegro\src\allegro-git\allegro-git\src\display_settings.c:191  debug_display_settings           [   0.28792] color: 32 (rgba 8880), depth: 0, stencil: 0, acc: 0000, samples: 0/0
display  D d:\Libraries\build\allegro\src\allegro-git\allegro-git\src\display_settings.c:506  _al_score_display_settings       [   0.28794] Score is : 769
display  D d:\Libraries\build\allegro\src\allegro-git\allegro-git\src\display_settings.c:191  debug_display_settings           [   0.28795] color: 32 (rgba 8880), depth: 0, stencil: 0, acc: 0000, samples: 2/1
display  D d:\Libraries\build\allegro\src\allegro-git\allegro-git\src\display_settings.c:506  _al_score_display_settings       [   0.28796] Score is : 598
display  D d:\Libraries\build\allegro\src\allegro-git\allegro-git\src\display_settings.c:191  debug_display_settings           [   0.28797] color: 32 (rgba 8880), depth: 0, stencil: 0, acc: 0000, samples: 3/1
display  D d:\Libraries\build\allegro\src\allegro-git\allegro-git\src\display_settings.c:506  _al_score_display_settings       [   0.28799] Score is : 593
display  D d:\Libraries\build\allegro\src\allegro-git\allegro-git\src\display_settings.c:191  debug_display_settings           [   0.28800] color: 32 (rgba 8880), depth: 0, stencil: 0, acc: 0000, samples: 4/1
display  D d:\Libraries\build\allegro\src\allegro-git\allegro-git\src\display_settings.c:506  _al_score_display_settings       [   0.28801] Score is : 589
display  D d:\Libraries\build\allegro\src\allegro-git\allegro-git\src\display_settings.c:191  debug_display_settings           [   0.28802] color: 32 (rgba 8880), depth: 0, stencil: 0, acc: 0000, samples: 5/1
display  D d:\Libraries\build\allegro\src\allegro-git\allegro-git\src\display_settings.c:506  _al_score_display_settings       [   0.28803] Score is : 587
display  D d:\Libraries\build\allegro\src\allegro-git\allegro-git\src\display_settings.c:191  debug_display_settings           [   0.28804] color: 32 (rgba 8880), depth: 0, stencil: 0, acc: 0000, samples: 6/1
display  D d:\Libraries\build\allegro\src\allegro-git\allegro-git\src\display_settings.c:506  _al_score_display_settings       [   0.28806] Score is : 586
display  D d:\Libraries\build\allegro\src\allegro-git\allegro-git\src\display_settings.c:191  debug_display_settings           [   0.28807] color: 32 (rgba 8880), depth: 0, stencil: 0, acc: 0000, samples: 7/1
display  D d:\Libraries\build\allegro\src\allegro-git\allegro-git\src\display_settings.c:506  _al_score_display_settings       [   0.28808] Score is : 585
display  D d:\Libraries\build\allegro\src\allegro-git\allegro-git\src\display_settings.c:191  debug_display_settings           [   0.28809] color: 32 (rgba 8880), depth: 0, stencil: 0, acc: 0000, samples: 8/1
display  D d:\Libraries\build\allegro\src\allegro-git\allegro-git\src\display_settings.c:506  _al_score_display_settings       [   0.28810] Score is : 584
display  D d:\Libraries\build\allegro\src\allegro-git\allegro-git\src\display_settings.c:191  debug_display_settings           [   0.28811] color: 32 (rgba 8880), depth: 24, stencil: 8, acc: 0000, samples: 0/0
display  D d:\Libraries\build\allegro\src\allegro-git\allegro-git\src\display_settings.c:506  _al_score_display_settings       [   0.28812] Score is : 769
display  D d:\Libraries\build\allegro\src\allegro-git\allegro-git\src\display_settings.c:191  debug_display_settings           [   0.28813] color: 32 (rgba 8880), depth: 24, stencil: 8, acc: 0000, samples: 0/0
display  D d:\Libraries\build\allegro\src\allegro-git\allegro-git\src\display_settings.c:506  _al_score_display_settings       [   0.28815] Score is : 769
display  D d:\Libraries\build\allegro\src\allegro-git\allegro-git\src\display_settings.c:191  debug_display_settings           [   0.28816] color: 32 (rgba 8880), depth: 24, stencil: 8, acc: 0000, samples: 2/1
display  D d:\Libraries\build\allegro\src\allegro-git\allegro-git\src\display_settings.c:506  _al_score_display_settings       [   0.28817] Score is : 598
display  D d:\Libraries\build\allegro\src\allegro-git\allegro-git\src\display_settings.c:191  debug_display_settings           [   0.28818] color: 32 (rgba 8880), depth: 24, stencil: 8, acc: 0000, samples: 3/1
display  D d:\Libraries\build\allegro\src\allegro-git\allegro-git\src\display_settings.c:506  _al_score_display_settings       [   0.28819] Score is : 593
display  D d:\Libraries\build\allegro\src\allegro-git\allegro-git\src\display_settings.c:191  debug_display_settings           [   0.28820] color: 32 (rgba 8880), depth: 24, stencil: 8, acc: 0000, samples: 4/1
display  D d:\Libraries\build\allegro\src\allegro-git\allegro-git\src\display_settings.c:506  _al_score_display_settings       [   0.28822] Score is : 589
display  D d:\Libraries\build\allegro\src\allegro-git\allegro-git\src\display_settings.c:191  debug_display_settings           [   0.28823] color: 32 (rgba 8880), depth: 24, stencil: 8, acc: 0000, samples: 5/1
display  D d:\Libraries\build\allegro\src\allegro-git\allegro-git\src\display_settings.c:506  _al_score_display_settings       [   0.28824] Score is : 587
display  D d:\Libraries\build\allegro\src\allegro-git\allegro-git\src\display_settings.c:191  debug_display_settings           [   0.28825] color: 32 (rgba 8880), depth: 24, stencil: 8, acc: 0000, samples: 6/1
display  D d:\Libraries\build\allegro\src\allegro-git\allegro-git\src\display_settings.c:506  _al_score_display_settings       [   0.28826] Score is : 586
display  D d:\Libraries\build\allegro\src\allegro-git\allegro-git\src\display_settings.c:191  debug_display_settings           [   0.28827] color: 32 (rgba 8880), depth: 24, stencil: 8, acc: 0000, samples: 7/1
display  D d:\Libraries\build\allegro\src\allegro-git\allegro-git\src\display_settings.c:506  _al_score_display_settings       [   0.28829] Score is : 585
display  D d:\Libraries\build\allegro\src\allegro-git\allegro-git\src\display_settings.c:191  debug_display_settings           [   0.28830] color: 32 (rgba 8880), depth: 24, stencil: 8, acc: 0000, samples: 8/1
display  D d:\Libraries\build\allegro\src\allegro-git\allegro-git\src\display_settings.c:506  _al_score_display_settings       [   0.28831] Score is : 584
display  D d:\Libraries\build\allegro\src\allegro-git\allegro-git\src\display_settings.c:191  debug_display_settings           [   0.28832] color: 32 (rgba 8880), depth: 24, stencil: 0, acc: 0000, samples: 0/0
display  D d:\Libraries\build\allegro\src\allegro-git\allegro-git\src\display_settings.c:506  _al_score_display_settings       [   0.28833] Score is : 769
display  D d:\Libraries\build\allegro\src\allegro-git\allegro-git\src\display_settings.c:191  debug_display_settings           [   0.28834] color: 32 (rgba 8880), depth: 24, stencil: 0, acc: 0000, samples: 0/0
display  D d:\Libraries\build\allegro\src\allegro-git\allegro-git\src\display_settings.c:506  _al_score_display_settings       [   0.28835] Score is : 769
display  D d:\Libraries\build\allegro\src\allegro-git\allegro-git\src\display_settings.c:191  debug_display_settings           [   0.28836] color: 32 (rgba 8880), depth: 24, stencil: 0, acc: 0000, samples: 2/1
display  D d:\Libraries\build\allegro\src\allegro-git\allegro-git\src\display_settings.c:506  _al_score_display_settings       [   0.28838] Score is : 598
display  D d:\Libraries\build\allegro\src\allegro-git\allegro-git\src\display_settings.c:191  debug_display_settings           [   0.28839] color: 32 (rgba 8880), depth: 24, stencil: 0, acc: 0000, samples: 3/1
display  D d:\Libraries\build\allegro\src\allegro-git\allegro-git\src\display_settings.c:506  _al_score_display_settings       [   0.28840] Score is : 593
display  D d:\Libraries\build\allegro\src\allegro-git\allegro-git\src\display_settings.c:191  debug_display_settings           [   0.28841] color: 32 (rgba 8880), depth: 24, stencil: 0, acc: 0000, samples: 4/1
display  D d:\Libraries\build\allegro\src\allegro-git\allegro-git\src\display_settings.c:506  _al_score_display_settings       [   0.28842] Score is : 589
display  D d:\Libraries\build\allegro\src\allegro-git\allegro-git\src\display_settings.c:191  debug_display_settings           [   0.28843] color: 32 (rgba 8880), depth: 24, stencil: 0, acc: 0000, samples: 5/1
display  D d:\Libraries\build\allegro\src\allegro-git\allegro-git\src\display_settings.c:506  _al_score_display_settings       [   0.28845] Score is : 587
display  D d:\Libraries\build\allegro\src\allegro-git\allegro-git\src\display_settings.c:191  debug_display_settings           [   0.28846] color: 32 (rgba 8880), depth: 24, stencil: 0, acc: 0000, samples: 6/1
display  D d:\Libraries\build\allegro\src\allegro-git\allegro-git\src\display_settings.c:506  _al_score_display_settings       [   0.28847] Score is : 586
display  D d:\Libraries\build\allegro\src\allegro-git\allegro-git\src\display_settings.c:191  debug_display_settings           [   0.28848] color: 32 (rgba 8880), depth: 24, stencil: 0, acc: 0000, samples: 7/1
display  D d:\Libraries\build\allegro\src\allegro-git\allegro-git\src\display_settings.c:506  _al_score_display_settings       [   0.28849] Score is : 585
display  D d:\Libraries\build\allegro\src\allegro-git\allegro-git\src\display_settings.c:191  debug_display_settings           [   0.28850] color: 32 (rgba 8880), depth: 24, stencil: 0, acc: 0000, samples: 8/1
display  D d:\Libraries\build\allegro\src\allegro-git\allegro-git\src\display_settings.c:506  _al_score_display_settings       [   0.28851] Score is : 584
display  D d:\Libraries\build\allegro\src\allegro-git\allegro-git\src\display_settings.c:191  debug_display_settings           [   0.28856] color: 32 (rgba 8880), depth: 16, stencil: 0, acc: 0000, samples: 0/0
display  D d:\Libraries\build\allegro\src\allegro-git\allegro-git\src\display_settings.c:506  _al_score_display_settings       [   0.28858] Score is : 769
display  D d:\Libraries\build\allegro\src\allegro-git\allegro-git\src\display_settings.c:191  debug_display_settings           [   0.28859] color: 32 (rgba 8880), depth: 16, stencil: 0, acc: 0000, samples: 0/0
display  D d:\Libraries\build\allegro\src\allegro-git\allegro-git\src\display_settings.c:506  _al_score_display_settings       [   0.28860] Score is : 769
display  D d:\Libraries\build\allegro\src\allegro-git\allegro-git\src\display_settings.c:191  debug_display_settings           [   0.28861] color: 32 (rgba 8880), depth: 16, stencil: 0, acc: 0000, samples: 2/1
display  D d:\Libraries\build\allegro\src\allegro-git\allegro-git\src\display_settings.c:506  _al_score_display_settings       [   0.28862] Score is : 598
display  D d:\Libraries\build\allegro\src\allegro-git\allegro-git\src\display_settings.c:191  debug_display_settings           [   0.28863] color: 32 (rgba 8880), depth: 16, stencil: 0, acc: 0000, samples: 3/1
display  D d:\Libraries\build\allegro\src\allegro-git\allegro-git\src\display_settings.c:506  _al_score_display_settings       [   0.28864] Score is : 593
display  D d:\Libraries\build\allegro\src\allegro-git\allegro-git\src\display_settings.c:191  debug_display_settings           [   0.28865] color: 32 (rgba 8880), depth: 16, stencil: 0, acc: 0000, samples: 4/1
display  D d:\Libraries\build\allegro\src\allegro-git\allegro-git\src\display_settings.c:506  _al_score_display_settings       [   0.28867] Score is : 589
display  D d:\Libraries\build\allegro\src\allegro-git\allegro-git\src\display_settings.c:191  debug_display_settings           [   0.28868] color: 32 (rgba 8880), depth: 16, stencil: 0, acc: 0000, samples: 5/1
display  D d:\Libraries\build\allegro\src\allegro-git\allegro-git\src\display_settings.c:506  _al_score_display_settings       [   0.28869] Score is : 587
display  D d:\Libraries\build\allegro\src\allegro-git\allegro-git\src\display_settings.c:191  debug_display_settings           [   0.28870] color: 32 (rgba 8880), depth: 16, stencil: 0, acc: 0000, samples: 6/1
display  D d:\Libraries\build\allegro\src\allegro-git\allegro-git\src\display_settings.c:506  _al_score_display_settings       [   0.28871] Score is : 586
display  D d:\Libraries\build\allegro\src\allegro-git\allegro-git\src\display_settings.c:191  debug_display_settings           [   0.28872] color: 32 (rgba 8880), depth: 16, stencil: 0, acc: 0000, samples: 7/1
display  D d:\Libraries\build\allegro\src\allegro-git\allegro-git\src\display_settings.c:506  _al_score_display_settings       [   0.28873] Score is : 585
display  D d:\Libraries\build\allegro\src\allegro-git\allegro-git\src\display_settings.c:191  debug_display_settings           [   0.28874] color: 32 (rgba 8880), depth: 16, stencil: 0, acc: 0000, samples: 8/1
display  D d:\Libraries\build\allegro\src\allegro-git\allegro-git\src\display_settings.c:506  _al_score_display_settings       [   0.28876] Score is : 584
display  D d:\Libraries\build\allegro\src\allegro-git\allegro-git\src\display_settings.c:191  debug_display_settings           [   0.28877] color: 16 (rgba 5650), depth: 0, stencil: 0, acc: 0000, samples: 0/0
display  D d:\Libraries\build\allegro\src\allegro-git\allegro-git\src\display_settings.c:506  _al_score_display_settings       [   0.28878] Score is : 769
display  D d:\Libraries\build\allegro\src\allegro-git\allegro-git\src\display_settings.c:191  debug_display_settings           [   0.28879] color: 16 (rgba 5650), depth: 0, stencil: 0, acc: 0000, samples: 0/0
display  D d:\Libraries\build\allegro\src\allegro-git\allegro-git\src\display_settings.c:506  _al_score_display_settings       [   0.28880] Score is : 769
display  D d:\Libraries\build\allegro\src\allegro-git\allegro-git\src\display_settings.c:191  debug_display_settings           [   0.28882] color: 16 (rgba 5650), depth: 0, stencil: 0, acc: 0000, samples: 2/1
display  D d:\Libraries\build\allegro\src\allegro-git\allegro-git\src\display_settings.c:506  _al_score_display_settings       [   0.28883] Score is : 598
display  D d:\Libraries\build\allegro\src\allegro-git\allegro-git\src\display_settings.c:191  debug_display_settings           [   0.28884] color: 16 (rgba 5650), depth: 0, stencil: 0, acc: 0000, samples: 3/1
display  D d:\Libraries\build\allegro\src\allegro-git\allegro-git\src\display_settings.c:506  _al_score_display_settings       [   0.28885] Score is : 593
display  D d:\Libraries\build\allegro\src\allegro-git\allegro-git\src\display_settings.c:191  debug_display_settings           [   0.28886] color: 16 (rgba 5650), depth: 0, stencil: 0, acc: 0000, samples: 4/1
display  D d:\Libraries\build\allegro\src\allegro-git\allegro-git\src\display_settings.c:506  _al_score_display_settings       [   0.28887] Score is : 589
display  D d:\Libraries\build\allegro\src\allegro-git\allegro-git\src\display_settings.c:191  debug_display_settings           [   0.28888] color: 16 (rgba 5650), depth: 0, stencil: 0, acc: 0000, samples: 5/1
display  D d:\Libraries\build\allegro\src\allegro-git\allegro-git\src\display_settings.c:506  _al_score_display_settings       [   0.28890] Score is : 587
display  D d:\Libraries\build\allegro\src\allegro-git\allegro-git\src\display_settings.c:191  debug_display_settings           [   0.28891] color: 16 (rgba 5650), depth: 0, stencil: 0, acc: 0000, samples: 6/1
display  D d:\Libraries\build\allegro\src\allegro-git\allegro-git\src\display_settings.c:506  _al_score_display_settings       [   0.28892] Score is : 586
display  D d:\Libraries\build\allegro\src\allegro-git\allegro-git\src\display_settings.c:191  debug_display_settings           [   0.28893] color: 16 (rgba 5650), depth: 0, stencil: 0, acc: 0000, samples: 7/1
display  D d:\Libraries\build\allegro\src\allegro-git\allegro-git\src\display_settings.c:506  _al_score_display_settings       [   0.28894] Score is : 585
display  D d:\Libraries\build\allegro\src\allegro-git\allegro-git\src\display_settings.c:191  debug_display_settings           [   0.28895] color: 16 (rgba 5650), depth: 0, stencil: 0, acc: 0000, samples: 8/1
display  D d:\Libraries\build\allegro\src\allegro-git\allegro-git\src\display_settings.c:506  _al_score_display_settings       [   0.28897] Score is : 584
display  D d:\Libraries\build\allegro\src\allegro-git\allegro-git\src\display_settings.c:191  debug_display_settings           [   0.28898] color: 16 (rgba 5650), depth: 24, stencil: 8, acc: 0000, samples: 0/0
display  D d:\Libraries\build\allegro\src\allegro-git\allegro-git\src\display_settings.c:506  _al_score_display_settings       [   0.28899] Score is : 769
display  D d:\Libraries\build\allegro\src\allegro-git\allegro-git\src\display_settings.c:191  debug_display_settings           [   0.28900] color: 16 (rgba 5650), depth: 24, stencil: 8, acc: 0000, samples: 0/0
display  D d:\Libraries\build\allegro\src\allegro-git\allegro-git\src\display_settings.c:506  _al_score_display_settings       [   0.28901] Score is : 769
display  D d:\Libraries\build\allegro\src\allegro-git\allegro-git\src\display_settings.c:191  debug_display_settings           [   0.28902] color: 16 (rgba 5650), depth: 24, stencil: 8, acc: 0000, samples: 2/1
display  D d:\Libraries\build\allegro\src\allegro-git\allegro-git\src\display_settings.c:506  _al_score_display_settings       [   0.28903] Score is : 598
display  D d:\Libraries\build\allegro\src\allegro-git\allegro-git\src\display_settings.c:191  debug_display_settings           [   0.28904] color: 16 (rgba 5650), depth: 24, stencil: 8, acc: 0000, samples: 3/1
display  D d:\Libraries\build\allegro\src\allegro-git\allegro-git\src\display_settings.c:506  _al_score_display_settings       [   0.28906] Score is : 593
display  D d:\Libraries\build\allegro\src\allegro-git\allegro-git\src\display_settings.c:191  debug_display_settings           [   0.28907] color: 16 (rgba 5650), depth: 24, stencil: 8, acc: 0000, samples: 4/1
display  D d:\Libraries\build\allegro\src\allegro-git\allegro-git\src\display_settings.c:506  _al_score_display_settings       [   0.28908] Score is : 589
display  D d:\Libraries\build\allegro\src\allegro-git\allegro-git\src\display_settings.c:191  debug_display_settings           [   0.28909] color: 16 (rgba 5650), depth: 24, stencil: 8, acc: 0000, samples: 5/1
display  D d:\Libraries\build\allegro\src\allegro-git\allegro-git\src\display_settings.c:506  _al_score_display_settings       [   0.28910] Score is : 587
display  D d:\Libraries\build\allegro\src\allegro-git\allegro-git\src\display_settings.c:191  debug_display_settings           [   0.28911] color: 16 (rgba 5650), depth: 24, stencil: 8, acc: 0000, samples: 6/1
display  D d:\Libraries\build\allegro\src\allegro-git\allegro-git\src\display_settings.c:506  _al_score_display_settings       [   0.28913] Score is : 586
display  D d:\Libraries\build\allegro\src\allegro-git\allegro-git\src\display_settings.c:191  debug_display_settings           [   0.28914] color: 16 (rgba 5650), depth: 24, stencil: 8, acc: 0000, samples: 7/1
display  D d:\Libraries\build\allegro\src\allegro-git\allegro-git\src\display_settings.c:506  _al_score_display_settings       [   0.28915] Score is : 585
display  D d:\Libraries\build\allegro\src\allegro-git\allegro-git\src\display_settings.c:191  debug_display_settings           [   0.28916] color: 16 (rgba 5650), depth: 24, stencil: 8, acc: 0000, samples: 8/1
display  D d:\Libraries\build\allegro\src\allegro-git\allegro-git\src\display_settings.c:506  _al_score_display_settings       [   0.28917] Score is : 584
display  D d:\Libraries\build\allegro\src\allegro-git\allegro-git\src\display_settings.c:191  debug_display_settings           [   0.28918] color: 16 (rgba 5650), depth: 24, stencil: 0, acc: 0000, samples: 0/0
display  D d:\Libraries\build\allegro\src\allegro-git\allegro-git\src\display_settings.c:506  _al_score_display_settings       [   0.28919] Score is : 769
display  D d:\Libraries\build\allegro\src\allegro-git\allegro-git\src\display_settings.c:191  debug_display_settings           [   0.28920] color: 16 (rgba 5650), depth: 24, stencil: 0, acc: 0000, samples: 0/0
display  D d:\Libraries\build\allegro\src\allegro-git\allegro-git\src\display_settings.c:506  _al_score_display_settings       [   0.28922] Score is : 769
display  D d:\Libraries\build\allegro\src\allegro-git\allegro-git\src\display_settings.c:191  debug_display_settings           [   0.28923] color: 16 (rgba 5650), depth: 24, stencil: 0, acc: 0000, samples: 2/1
display  D d:\Libraries\build\allegro\src\allegro-git\allegro-git\src\display_settings.c:506  _al_score_display_settings       [   0.28924] Score is : 598
display  D d:\Libraries\build\allegro\src\allegro-git\allegro-git\src\display_settings.c:191  debug_display_settings           [   0.28925] color: 16 (rgba 5650), depth: 24, stencil: 0, acc: 0000, samples: 3/1
display  D d:\Libraries\build\allegro\src\allegro-git\allegro-git\src\display_settings.c:506  _al_score_display_settings       [   0.28926] Score is : 593
display  D d:\Libraries\build\allegro\src\allegro-git\allegro-git\src\display_settings.c:191  debug_display_settings           [   0.28927] color: 16 (rgba 5650), depth: 24, stencil: 0, acc: 0000, samples: 4/1
display  D d:\Libraries\build\allegro\src\allegro-git\allegro-git\src\display_settings.c:506  _al_score_display_settings       [   0.28928] Score is : 589
display  D d:\Libraries\build\allegro\src\allegro-git\allegro-git\src\display_settings.c:191  debug_display_settings           [   0.28929] color: 16 (rgba 5650), depth: 24, stencil: 0, acc: 0000, samples: 5/1
display  D d:\Libraries\build\allegro\src\allegro-git\allegro-git\src\display_settings.c:506  _al_score_display_settings       [   0.28931] Score is : 587
display  D d:\Libraries\build\allegro\src\allegro-git\allegro-git\src\display_settings.c:191  debug_display_settings           [   0.28932] color: 16 (rgba 5650), depth: 24, stencil: 0, acc: 0000, samples: 6/1
display  D d:\Libraries\build\allegro\src\allegro-git\allegro-git\src\display_settings.c:506  _al_score_display_settings       [   0.28933] Score is : 586
display  D d:\Libraries\build\allegro\src\allegro-git\allegro-git\src\display_settings.c:191  debug_display_settings           [   0.28934] color: 16 (rgba 5650), depth: 24, stencil: 0, acc: 0000, samples: 7/1
display  D d:\Libraries\build\allegro\src\allegro-git\allegro-git\src\display_settings.c:506  _al_score_display_settings       [   0.28936] Score is : 585
display  D d:\Libraries\build\allegro\src\allegro-git\allegro-git\src\display_settings.c:191  debug_display_settings           [   0.28937] color: 16 (rgba 5650), depth: 24, stencil: 0, acc: 0000, samples: 8/1
display  D d:\Libraries\build\allegro\src\allegro-git\allegro-git\src\display_settings.c:506  _al_score_display_settings       [   0.28938] Score is : 584
display  D d:\Libraries\build\allegro\src\allegro-git\allegro-git\src\display_settings.c:191  debug_display_settings           [   0.28939] color: 16 (rgba 5650), depth: 16, stencil: 0, acc: 0000, samples: 0/0
display  D d:\Libraries\build\allegro\src\allegro-git\allegro-git\src\display_settings.c:506  _al_score_display_settings       [   0.28940] Score is : 769
display  D d:\Libraries\build\allegro\src\allegro-git\allegro-git\src\display_settings.c:191  debug_display_settings           [   0.28941] color: 16 (rgba 5650), depth: 16, stencil: 0, acc: 0000, samples: 0/0
display  D d:\Libraries\build\allegro\src\allegro-git\allegro-git\src\display_settings.c:506  _al_score_display_settings       [   0.28942] Score is : 769
display  D d:\Libraries\build\allegro\src\allegro-git\allegro-git\src\display_settings.c:191  debug_display_settings           [   0.28943] color: 16 (rgba 5650), depth: 16, stencil: 0, acc: 0000, samples: 2/1
display  D d:\Libraries\build\allegro\src\allegro-git\allegro-git\src\display_settings.c:506  _al_score_display_settings       [   0.28945] Score is : 598
display  D d:\Libraries\build\allegro\src\allegro-git\allegro-git\src\display_settings.c:191  debug_display_settings           [   0.28946] color: 16 (rgba 5650), depth: 16, stencil: 0, acc: 0000, samples: 3/1
display  D d:\Libraries\build\allegro\src\allegro-git\allegro-git\src\display_settings.c:506  _al_score_display_settings       [   0.28947] Score is : 593
display  D d:\Libraries\build\allegro\src\allegro-git\allegro-git\src\display_settings.c:191  debug_display_settings           [   0.28948] color: 16 (rgba 5650), depth: 16, stencil: 0, acc: 0000, samples: 4/1
display  D d:\Libraries\build\allegro\src\allegro-git\allegro-git\src\display_settings.c:506  _al_score_display_settings       [   0.28949] Score is : 589
display  D d:\Libraries\build\allegro\src\allegro-git\allegro-git\src\display_settings.c:191  debug_display_settings           [   0.28950] color: 16 (rgba 5650), depth: 16, stencil: 0, acc: 0000, samples: 5/1
display  D d:\Libraries\build\allegro\src\allegro-git\allegro-git\src\display_settings.c:506  _al_score_display_settings       [   0.28951] Score is : 587
display  D d:\Libraries\build\allegro\src\allegro-git\allegro-git\src\display_settings.c:191  debug_display_settings           [   0.28952] color: 16 (rgba 5650), depth: 16, stencil: 0, acc: 0000, samples: 6/1
display  D d:\Libraries\build\allegro\src\allegro-git\allegro-git\src\display_settings.c:506  _al_score_display_settings       [   0.28954] Score is : 586
display  D d:\Libraries\build\allegro\src\allegro-git\allegro-git\src\display_settings.c:191  debug_display_settings           [   0.28955] color: 16 (rgba 5650), depth: 16, stencil: 0, acc: 0000, samples: 7/1
display  D d:\Libraries\build\allegro\src\allegro-git\allegro-git\src\display_settings.c:506  _al_score_display_settings       [   0.28956] Score is : 585
display  D d:\Libraries\build\allegro\src\allegro-git\allegro-git\src\display_settings.c:191  debug_display_settings           [   0.28957] color: 16 (rgba 5650), depth: 16, stencil: 0, acc: 0000, samples: 8/1
display  D d:\Libraries\build\allegro\src\allegro-git\allegro-git\src\display_settings.c:506  _al_score_display_settings       [   0.28958] Score is : 584
display  D d:\Libraries\build\allegro\src\allegro-git\allegro-git\src\display_settings.c:191  debug_display_settings           [   0.28959] color: 32 (rgba 8880), depth: 0, stencil: 0, acc: 0000, samples: 0/0
display  D d:\Libraries\build\allegro\src\allegro-git\allegro-git\src\display_settings.c:377  _al_score_display_settings       [   0.28961] Single Buffer requirement not met.
display  D d:\Libraries\build\allegro\src\allegro-git\allegro-git\src\display_settings.c:191  debug_display_settings           [   0.28962] color: 32 (rgba 8880), depth: 0, stencil: 0, acc: 0000, samples: 0/0
display  D d:\Libraries\build\allegro\src\allegro-git\allegro-git\src\display_settings.c:377  _al_score_display_settings       [   0.28963] Single Buffer requirement not met.
display  D d:\Libraries\build\allegro\src\allegro-git\allegro-git\src\display_settings.c:191  debug_display_settings           [   0.28964] color: 32 (rgba 8880), depth: 0, stencil: 0, acc: 0000, samples: 2/1
display  D d:\Libraries\build\allegro\src\allegro-git\allegro-git\src\display_settings.c:377  _al_score_display_settings       [   0.28965] Single Buffer requirement not met.
display  D d:\Libraries\build\allegro\src\allegro-git\allegro-git\src\display_settings.c:191  debug_display_settings           [   0.28966] color: 32 (rgba 8880), depth: 0, stencil: 0, acc: 0000, samples: 3/1
display  D d:\Libraries\build\allegro\src\allegro-git\allegro-git\src\display_settings.c:377  _al_score_display_settings       [   0.28968] Single Buffer requirement not met.
display  D d:\Libraries\build\allegro\src\allegro-git\allegro-git\src\display_settings.c:191  debug_display_settings           [   0.28969] color: 32 (rgba 8880), depth: 0, stencil: 0, acc: 0000, samples: 4/1
display  D d:\Libraries\build\allegro\src\allegro-git\allegro-git\src\display_settings.c:377  _al_score_display_settings       [   0.28970] Single Buffer requirement not met.
display  D d:\Libraries\build\allegro\src\allegro-git\allegro-git\src\display_settings.c:191  debug_display_settings           [   0.28971] color: 32 (rgba 8880), depth: 0, stencil: 0, acc: 0000, samples: 5/1
display  D d:\Libraries\build\allegro\src\allegro-git\allegro-git\src\display_settings.c:377  _al_score_display_settings       [   0.28972] Single Buffer requirement not met.
display  D d:\Libraries\build\allegro\src\allegro-git\allegro-git\src\display_settings.c:191  debug_display_settings           [   0.28973] color: 32 (rgba 8880), depth: 0, stencil: 0, acc: 0000, samples: 6/1
display  D d:\Libraries\build\allegro\src\allegro-git\allegro-git\src\display_settings.c:377  _al_score_display_settings       [   0.28974] Single Buffer requirement not met.
display  D d:\Libraries\build\allegro\src\allegro-git\allegro-git\src\display_settings.c:191  debug_display_settings           [   0.28975] color: 32 (rgba 8880), depth: 0, stencil: 0, acc: 0000, samples: 7/1
display  D d:\Libraries\build\allegro\src\allegro-git\allegro-git\src\display_settings.c:377  _al_score_display_settings       [   0.28977] Single Buffer requirement not met.
display  D d:\Libraries\build\allegro\src\allegro-git\allegro-git\src\display_settings.c:191  debug_display_settings           [   0.28978] color: 32 (rgba 8880), depth: 0, stencil: 0, acc: 0000, samples: 8/1
display  D d:\Libraries\build\allegro\src\allegro-git\allegro-git\src\display_settings.c:377  _al_score_display_settings       [   0.28979] Single Buffer requirement not met.
display  D d:\Libraries\build\allegro\src\allegro-git\allegro-git\src\display_settings.c:191  debug_display_settings           [   0.28980] color: 32 (rgba 8880), depth: 24, stencil: 8, acc: 0000, samples: 0/0
display  D d:\Libraries\build\allegro\src\allegro-git\allegro-git\src\display_settings.c:377  _al_score_display_settings       [   0.28981] Single Buffer requirement not met.
display  D d:\Libraries\build\allegro\src\allegro-git\allegro-git\src\display_settings.c:191  debug_display_settings           [   0.28983] color: 32 (rgba 8880), depth: 24, stencil: 8, acc: 0000, samples: 0/0
display  D d:\Libraries\build\allegro\src\allegro-git\allegro-git\src\display_settings.c:377  _al_score_display_settings       [   0.28984] Single Buffer requirement not met.
display  D d:\Libraries\build\allegro\src\allegro-git\allegro-git\src\display_settings.c:191  debug_display_settings           [   0.28985] color: 32 (rgba 8880), depth: 24, stencil: 8, acc: 0000, samples: 2/1
display  D d:\Libraries\build\allegro\src\allegro-git\allegro-git\src\display_settings.c:377  _al_score_display_settings       [   0.28986] Single Buffer requirement not met.
display  D d:\Libraries\build\allegro\src\allegro-git\allegro-git\src\display_settings.c:191  debug_display_settings           [   0.28987] color: 32 (rgba 8880), depth: 24, stencil: 8, acc: 0000, samples: 3/1
display  D d:\Libraries\build\allegro\src\allegro-git\allegro-git\src\display_settings.c:377  _al_score_display_settings       [   0.28989] Single Buffer requirement not met.
display  D d:\Libraries\build\allegro\src\allegro-git\allegro-git\src\display_settings.c:191  debug_display_settings           [   0.28990] color: 32 (rgba 8880), depth: 24, stencil: 8, acc: 0000, samples: 4/1
display  D d:\Libraries\build\allegro\src\allegro-git\allegro-git\src\display_settings.c:377  _al_score_display_settings       [   0.28991] Single Buffer requirement not met.
display  D d:\Libraries\build\allegro\src\allegro-git\allegro-git\src\display_settings.c:191  debug_display_settings           [   0.28992] color: 32 (rgba 8880), depth: 24, stencil: 8, acc: 0000, samples: 5/1
display  D d:\Libraries\build\allegro\src\allegro-git\allegro-git\src\display_settings.c:377  _al_score_display_settings       [   0.28993] Single Buffer requirement not met.
display  D d:\Libraries\build\allegro\src\allegro-git\allegro-git\src\display_settings.c:191  debug_display_settings           [   0.28994] color: 32 (rgba 8880), depth: 24, stencil: 8, acc: 0000, samples: 6/1
display  D d:\Libraries\build\allegro\src\allegro-git\allegro-git\src\display_settings.c:377  _al_score_display_settings       [   0.28995] Single Buffer requirement not met.
display  D d:\Libraries\build\allegro\src\allegro-git\allegro-git\src\display_settings.c:191  debug_display_settings           [   0.28997] color: 32 (rgba 8880), depth: 24, stencil: 8, acc: 0000, samples: 7/1
display  D d:\Libraries\build\allegro\src\allegro-git\allegro-git\src\display_settings.c:377  _al_score_display_settings       [   0.28998] Single Buffer requirement not met.
display  D d:\Libraries\build\allegro\src\allegro-git\allegro-git\src\display_settings.c:191  debug_display_settings           [   0.28999] color: 32 (rgba 8880), depth: 24, stencil: 8, acc: 0000, samples: 8/1
display  D d:\Libraries\build\allegro\src\allegro-git\allegro-git\src\display_settings.c:377  _al_score_display_settings       [   0.29000] Single Buffer requirement not met.
display  D d:\Libraries\build\allegro\src\allegro-git\allegro-git\src\display_settings.c:191  debug_display_settings           [   0.29001] color: 32 (rgba 8880), depth: 24, stencil: 0, acc: 0000, samples: 0/0
display  D d:\Libraries\build\allegro\src\allegro-git\allegro-git\src\display_settings.c:377  _al_score_display_settings       [   0.29003] Single Buffer requirement not met.
display  D d:\Libraries\build\allegro\src\allegro-git\allegro-git\src\display_settings.c:191  debug_display_settings           [   0.29004] color: 32 (rgba 8880), depth: 24, stencil: 0, acc: 0000, samples: 0/0
display  D d:\Libraries\build\allegro\src\allegro-git\allegro-git\src\display_settings.c:377  _al_score_display_settings       [   0.29005] Single Buffer requirement not met.
display  D d:\Libraries\build\allegro\src\allegro-git\allegro-git\src\display_settings.c:191  debug_display_settings           [   0.29006] color: 32 (rgba 8880), depth: 24, stencil: 0, acc: 0000, samples: 2/1
display  D d:\Libraries\build\allegro\src\allegro-git\allegro-git\src\display_settings.c:377  _al_score_display_settings       [   0.29007] Single Buffer requirement not met.
display  D d:\Libraries\build\allegro\src\allegro-git\allegro-git\src\display_settings.c:191  debug_display_settings           [   0.29009] color: 32 (rgba 8880), depth: 24, stencil: 0, acc: 0000, samples: 3/1
display  D d:\Libraries\build\allegro\src\allegro-git\allegro-git\src\display_settings.c:377  _al_score_display_settings       [   0.29010] Single Buffer requirement not met.
display  D d:\Libraries\build\allegro\src\allegro-git\allegro-git\src\display_settings.c:191  debug_display_settings           [   0.29011] color: 32 (rgba 8880), depth: 24, stencil: 0, acc: 0000, samples: 4/1
display  D d:\Libraries\build\allegro\src\allegro-git\allegro-git\src\display_settings.c:377  _al_score_display_settings       [   0.29012] Single Buffer requirement not met.
display  D d:\Libraries\build\allegro\src\allegro-git\allegro-git\src\display_settings.c:191  debug_display_settings           [   0.29013] color: 32 (rgba 8880), depth: 24, stencil: 0, acc: 0000, samples: 5/1
display  D d:\Libraries\build\allegro\src\allegro-git\allegro-git\src\display_settings.c:377  _al_score_display_settings       [   0.29014] Single Buffer requirement not met.
display  D d:\Libraries\build\allegro\src\allegro-git\allegro-git\src\display_settings.c:191  debug_display_settings           [   0.29016] color: 32 (rgba 8880), depth: 24, stencil: 0, acc: 0000, samples: 6/1
display  D d:\Libraries\build\allegro\src\allegro-git\allegro-git\src\display_settings.c:377  _al_score_display_settings       [   0.29017] Single Buffer requirement not met.
display  D d:\Libraries\build\allegro\src\allegro-git\allegro-git\src\display_settings.c:191  debug_display_settings           [   0.29018] color: 32 (rgba 8880), depth: 24, stencil: 0, acc: 0000, samples: 7/1
display  D d:\Libraries\build\allegro\src\allegro-git\allegro-git\src\display_settings.c:377  _al_score_display_settings       [   0.29019] Single Buffer requirement not met.
display  D d:\Libraries\build\allegro\src\allegro-git\allegro-git\src\display_settings.c:191  debug_display_settings           [   0.29020] color: 32 (rgba 8880), depth: 24, stencil: 0, acc: 0000, samples: 8/1
display  D d:\Libraries\build\allegro\src\allegro-git\allegro-git\src\display_settings.c:377  _al_score_display_settings       [   0.29021] Single Buffer requirement not met.
display  D d:\Libraries\build\allegro\src\allegro-git\allegro-git\src\display_settings.c:191  debug_display_settings           [   0.29022] color: 32 (rgba 8880), depth: 16, stencil: 0, acc: 0000, samples: 0/0
display  D d:\Libraries\build\allegro\src\allegro-git\allegro-git\src\display_settings.c:377  _al_score_display_settings       [   0.29024] Single Buffer requirement not met.
display  D d:\Libraries\build\allegro\src\allegro-git\allegro-git\src\display_settings.c:191  debug_display_settings           [   0.29025] color: 32 (rgba 8880), depth: 16, stencil: 0, acc: 0000, samples: 0/0
display  D d:\Libraries\build\allegro\src\allegro-git\allegro-git\src\display_settings.c:377  _al_score_display_settings       [   0.29026] Single Buffer requirement not met.
display  D d:\Libraries\build\allegro\src\allegro-git\allegro-git\src\display_settings.c:191  debug_display_settings           [   0.29027] color: 32 (rgba 8880), depth: 16, stencil: 0, acc: 0000, samples: 2/1
display  D d:\Libraries\build\allegro\src\allegro-git\allegro-git\src\display_settings.c:377  _al_score_display_settings       [   0.29028] Single Buffer requirement not met.
display  D d:\Libraries\build\allegro\src\allegro-git\allegro-git\src\display_settings.c:191  debug_display_settings           [   0.29029] color: 32 (rgba 8880), depth: 16, stencil: 0, acc: 0000, samples: 3/1
display  D d:\Libraries\build\allegro\src\allegro-git\allegro-git\src\display_settings.c:377  _al_score_display_settings       [   0.29030] Single Buffer requirement not met.
display  D d:\Libraries\build\allegro\src\allegro-git\allegro-git\src\display_settings.c:191  debug_display_settings           [   0.29032] color: 32 (rgba 8880), depth: 16, stencil: 0, acc: 0000, samples: 4/1
display  D d:\Libraries\build\allegro\src\allegro-git\allegro-git\src\display_settings.c:377  _al_score_display_settings       [   0.29033] Single Buffer requirement not met.
display  D d:\Libraries\build\allegro\src\allegro-git\allegro-git\src\display_settings.c:191  debug_display_settings           [   0.29034] color: 32 (rgba 8880), depth: 16, stencil: 0, acc: 0000, samples: 5/1
display  D d:\Libraries\build\allegro\src\allegro-git\allegro-git\src\display_settings.c:377  _al_score_display_settings       [   0.29035] Single Buffer requirement not met.
display  D d:\Libraries\build\allegro\src\allegro-git\allegro-git\src\display_settings.c:191  debug_display_settings           [   0.29037] color: 32 (rgba 8880), depth: 16, stencil: 0, acc: 0000, samples: 6/1
display  D d:\Libraries\build\allegro\src\allegro-git\allegro-git\src\display_settings.c:377  _al_score_display_settings       [   0.29038] Single Buffer requirement not met.
display  D d:\Libraries\build\allegro\src\allegro-git\allegro-git\src\display_settings.c:191  debug_display_settings           [   0.29039] color: 32 (rgba 8880), depth: 16, stencil: 0, acc: 0000, samples: 7/1
display  D d:\Libraries\build\allegro\src\allegro-git\allegro-git\src\display_settings.c:377  _al_score_display_settings       [   0.29040] Single Buffer requirement not met.
display  D d:\Libraries\build\allegro\src\allegro-git\allegro-git\src\display_settings.c:191  debug_display_settings           [   0.29041] color: 32 (rgba 8880), depth: 16, stencil: 0, acc: 0000, samples: 8/1
display  D d:\Libraries\build\allegro\src\allegro-git\allegro-git\src\display_settings.c:377  _al_score_display_settings       [   0.29042] Single Buffer requirement not met.
display  D d:\Libraries\build\allegro\src\allegro-git\allegro-git\src\display_settings.c:191  debug_display_settings           [   0.29043] color: 16 (rgba 5650), depth: 0, stencil: 0, acc: 0000, samples: 0/0
display  D d:\Libraries\build\allegro\src\allegro-git\allegro-git\src\display_settings.c:377  _al_score_display_settings       [   0.29045] Single Buffer requirement not met.
display  D d:\Libraries\build\allegro\src\allegro-git\allegro-git\src\display_settings.c:191  debug_display_settings           [   0.29046] color: 16 (rgba 5650), depth: 0, stencil: 0, acc: 0000, samples: 0/0
display  D d:\Libraries\build\allegro\src\allegro-git\allegro-git\src\display_settings.c:377  _al_score_display_settings       [   0.29047] Single Buffer requirement not met.
display  D d:\Libraries\build\allegro\src\allegro-git\allegro-git\src\display_settings.c:191  debug_display_settings           [   0.29048] color: 16 (rgba 5650), depth: 0, stencil: 0, acc: 0000, samples: 2/1
display  D d:\Libraries\build\allegro\src\allegro-git\allegro-git\src\display_settings.c:377  _al_score_display_settings       [   0.29049] Single Buffer requirement not met.
display  D d:\Libraries\build\allegro\src\allegro-git\allegro-git\src\display_settings.c:191  debug_display_settings           [   0.29050] color: 16 (rgba 5650), depth: 0, stencil: 0, acc: 0000, samples: 3/1
display  D d:\Libraries\build\allegro\src\allegro-git\allegro-git\src\display_settings.c:377  _al_score_display_settings       [   0.29051] Single Buffer requirement not met.
display  D d:\Libraries\build\allegro\src\allegro-git\allegro-git\src\display_settings.c:191  debug_display_settings           [   0.29053] color: 16 (rgba 5650), depth: 0, stencil: 0, acc: 0000, samples: 4/1
display  D d:\Libraries\build\allegro\src\allegro-git\allegro-git\src\display_settings.c:377  _al_score_display_settings       [   0.29054] Single Buffer requirement not met.
display  D d:\Libraries\build\allegro\src\allegro-git\allegro-git\src\display_settings.c:191  debug_display_settings           [   0.29055] color: 16 (rgba 5650), depth: 0, stencil: 0, acc: 0000, samples: 5/1
display  D d:\Libraries\build\allegro\src\allegro-git\allegro-git\src\display_settings.c:377  _al_score_display_settings       [   0.29056] Single Buffer requirement not met.
display  D d:\Libraries\build\allegro\src\allegro-git\allegro-git\src\display_settings.c:191  debug_display_settings           [   0.29057] color: 16 (rgba 5650), depth: 0, stencil: 0, acc: 0000, samples: 6/1
display  D d:\Libraries\build\allegro\src\allegro-git\allegro-git\src\display_settings.c:377  _al_score_display_settings       [   0.29059] Single Buffer requirement not met.
display  D d:\Libraries\build\allegro\src\allegro-git\allegro-git\src\display_settings.c:191  debug_display_settings           [   0.29060] color: 16 (rgba 5650), depth: 0, stencil: 0, acc: 0000, samples: 7/1
display  D d:\Libraries\build\allegro\src\allegro-git\allegro-git\src\display_settings.c:377  _al_score_display_settings       [   0.29061] Single Buffer requirement not met.
display  D d:\Libraries\build\allegro\src\allegro-git\allegro-git\src\display_settings.c:191  debug_display_settings           [   0.29062] color: 16 (rgba 5650), depth: 0, stencil: 0, acc: 0000, samples: 8/1
display  D d:\Libraries\build\allegro\src\allegro-git\allegro-git\src\display_settings.c:377  _al_score_display_settings       [   0.29063] Single Buffer requirement not met.
display  D d:\Libraries\build\allegro\src\allegro-git\allegro-git\src\display_settings.c:191  debug_display_settings           [   0.29064] color: 16 (rgba 5650), depth: 24, stencil: 8, acc: 0000, samples: 0/0
display  D d:\Libraries\build\allegro\src\allegro-git\allegro-git\src\display_settings.c:377  _al_score_display_settings       [   0.29066] Single Buffer requirement not met.
display  D d:\Libraries\build\allegro\src\allegro-git\allegro-git\src\display_settings.c:191  debug_display_settings           [   0.29067] color: 16 (rgba 5650), depth: 24, stencil: 8, acc: 0000, samples: 0/0
display  D d:\Libraries\build\allegro\src\allegro-git\allegro-git\src\display_settings.c:377  _al_score_display_settings       [   0.29068] Single Buffer requirement not met.
display  D d:\Libraries\build\allegro\src\allegro-git\allegro-git\src\display_settings.c:191  debug_display_settings           [   0.29069] color: 16 (rgba 5650), depth: 24, stencil: 8, acc: 0000, samples: 2/1
display  D d:\Libraries\build\allegro\src\allegro-git\allegro-git\src\display_settings.c:377  _al_score_display_settings       [   0.29070] Single Buffer requirement not met.
display  D d:\Libraries\build\allegro\src\allegro-git\allegro-git\src\display_settings.c:191  debug_display_settings           [   0.29071] color: 16 (rgba 5650), depth: 24, stencil: 8, acc: 0000, samples: 3/1
display  D d:\Libraries\build\allegro\src\allegro-git\allegro-git\src\display_settings.c:377  _al_score_display_settings       [   0.29073] Single Buffer requirement not met.
display  D d:\Libraries\build\allegro\src\allegro-git\allegro-git\src\display_settings.c:191  debug_display_settings           [   0.29074] color: 16 (rgba 5650), depth: 24, stencil: 8, acc: 0000, samples: 4/1
display  D d:\Libraries\build\allegro\src\allegro-git\allegro-git\src\display_settings.c:377  _al_score_display_settings       [   0.29075] Single Buffer requirement not met.
display  D d:\Libraries\build\allegro\src\allegro-git\allegro-git\src\display_settings.c:191  debug_display_settings           [   0.29076] color: 16 (rgba 5650), depth: 24, stencil: 8, acc: 0000, samples: 5/1
display  D d:\Libraries\build\allegro\src\allegro-git\allegro-git\src\display_settings.c:377  _al_score_display_settings       [   0.29077] Single Buffer requirement not met.
display  D d:\Libraries\build\allegro\src\allegro-git\allegro-git\src\display_settings.c:191  debug_display_settings           [   0.29078] color: 16 (rgba 5650), depth: 24, stencil: 8, acc: 0000, samples: 6/1
display  D d:\Libraries\build\allegro\src\allegro-git\allegro-git\src\display_settings.c:377  _al_score_display_settings       [   0.29079] Single Buffer requirement not met.
display  D d:\Libraries\build\allegro\src\allegro-git\allegro-git\src\display_settings.c:191  debug_display_settings           [   0.29081] color: 16 (rgba 5650), depth: 24, stencil: 8, acc: 0000, samples: 7/1
display  D d:\Libraries\build\allegro\src\allegro-git\allegro-git\src\display_settings.c:377  _al_score_display_settings       [   0.29082] Single Buffer requirement not met.
display  D d:\Libraries\build\allegro\src\allegro-git\allegro-git\src\display_settings.c:191  debug_display_settings           [   0.29083] color: 16 (rgba 5650), depth: 24, stencil: 8, acc: 0000, samples: 8/1
display  D d:\Libraries\build\allegro\src\allegro-git\allegro-git\src\display_settings.c:377  _al_score_display_settings       [   0.29084] Single Buffer requirement not met.
display  D d:\Libraries\build\allegro\src\allegro-git\allegro-git\src\display_settings.c:191  debug_display_settings           [   0.29086] color: 16 (rgba 5650), depth: 24, stencil: 0, acc: 0000, samples: 0/0
display  D d:\Libraries\build\allegro\src\allegro-git\allegro-git\src\display_settings.c:377  _al_score_display_settings       [   0.29087] Single Buffer requirement not met.
display  D d:\Libraries\build\allegro\src\allegro-git\allegro-git\src\display_settings.c:191  debug_display_settings           [   0.29088] color: 16 (rgba 5650), depth: 24, stencil: 0, acc: 0000, samples: 0/0
display  D d:\Libraries\build\allegro\src\allegro-git\allegro-git\src\display_settings.c:377  _al_score_display_settings       [   0.29089] Single Buffer requirement not met.
display  D d:\Libraries\build\allegro\src\allegro-git\allegro-git\src\display_settings.c:191  debug_display_settings           [   0.29090] color: 16 (rgba 5650), depth: 24, stencil: 0, acc: 0000, samples: 2/1
display  D d:\Libraries\build\allegro\src\allegro-git\allegro-git\src\display_settings.c:377  _al_score_display_settings       [   0.29091] Single Buffer requirement not met.
display  D d:\Libraries\build\allegro\src\allegro-git\allegro-git\src\display_settings.c:191  debug_display_settings           [   0.29093] color: 16 (rgba 5650), depth: 24, stencil: 0, acc: 0000, samples: 3/1
display  D d:\Libraries\build\allegro\src\allegro-git\allegro-git\src\display_settings.c:377  _al_score_display_settings       [   0.29094] Single Buffer requirement not met.
display  D d:\Libraries\build\allegro\src\allegro-git\allegro-git\src\display_settings.c:191  debug_display_settings           [   0.29095] color: 16 (rgba 5650), depth: 24, stencil: 0, acc: 0000, samples: 4/1
display  D d:\Libraries\build\allegro\src\allegro-git\allegro-git\src\display_settings.c:377  _al_score_display_settings       [   0.29096] Single Buffer requirement not met.
display  D d:\Libraries\build\allegro\src\allegro-git\allegro-git\src\display_settings.c:191  debug_display_settings           [   0.29097] color: 16 (rgba 5650), depth: 24, stencil: 0, acc: 0000, samples: 5/1
display  D d:\Libraries\build\allegro\src\allegro-git\allegro-git\src\display_settings.c:377  _al_score_display_settings       [   0.29098] Single Buffer requirement not met.
display  D d:\Libraries\build\allegro\src\allegro-git\allegro-git\src\display_settings.c:191  debug_display_settings           [   0.29099] color: 16 (rgba 5650), depth: 24, stencil: 0, acc: 0000, samples: 6/1
display  D d:\Libraries\build\allegro\src\allegro-git\allegro-git\src\display_settings.c:377  _al_score_display_settings       [   0.29101] Single Buffer requirement not met.
display  D d:\Libraries\build\allegro\src\allegro-git\allegro-git\src\display_settings.c:191  debug_display_settings           [   0.29102] color: 16 (rgba 5650), depth: 24, stencil: 0, acc: 0000, samples: 7/1
display  D d:\Libraries\build\allegro\src\allegro-git\allegro-git\src\display_settings.c:377  _al_score_display_settings       [   0.29103] Single Buffer requirement not met.
display  D d:\Libraries\build\allegro\src\allegro-git\allegro-git\src\display_settings.c:191  debug_display_settings           [   0.29104] color: 16 (rgba 5650), depth: 24, stencil: 0, acc: 0000, samples: 8/1
display  D d:\Libraries\build\allegro\src\allegro-git\allegro-git\src\display_settings.c:377  _al_score_display_settings       [   0.29105] Single Buffer requirement not met.
display  D d:\Libraries\build\allegro\src\allegro-git\allegro-git\src\display_settings.c:191  debug_display_settings           [   0.29106] color: 16 (rgba 5650), depth: 16, stencil: 0, acc: 0000, samples: 0/0
display  D d:\Libraries\build\allegro\src\allegro-git\allegro-git\src\display_settings.c:377  _al_score_display_settings       [   0.29108] Single Buffer requirement not met.
display  D d:\Libraries\build\allegro\src\allegro-git\allegro-git\src\display_settings.c:191  debug_display_settings           [   0.29109] color: 16 (rgba 5650), depth: 16, stencil: 0, acc: 0000, samples: 0/0
display  D d:\Libraries\build\allegro\src\allegro-git\allegro-git\src\display_settings.c:377  _al_score_display_settings       [   0.29110] Single Buffer requirement not met.
display  D d:\Libraries\build\allegro\src\allegro-git\allegro-git\src\display_settings.c:191  debug_display_settings           [   0.29111] color: 16 (rgba 5650), depth: 16, stencil: 0, acc: 0000, samples: 2/1
display  D d:\Libraries\build\allegro\src\allegro-git\allegro-git\src\display_settings.c:377  _al_score_display_settings       [   0.29112] Single Buffer requirement not met.
display  D d:\Libraries\build\allegro\src\allegro-git\allegro-git\src\display_settings.c:191  debug_display_settings           [   0.29113] color: 16 (rgba 5650), depth: 16, stencil: 0, acc: 0000, samples: 3/1
display  D d:\Libraries\build\allegro\src\allegro-git\allegro-git\src\display_settings.c:377  _al_score_display_settings       [   0.29115] Single Buffer requirement not met.
display  D d:\Libraries\build\allegro\src\allegro-git\allegro-git\src\display_settings.c:191  debug_display_settings           [   0.29116] color: 16 (rgba 5650), depth: 16, stencil: 0, acc: 0000, samples: 4/1
display  D d:\Libraries\build\allegro\src\allegro-git\allegro-git\src\display_settings.c:377  _al_score_display_settings       [   0.29117] Single Buffer requirement not met.
display  D d:\Libraries\build\allegro\src\allegro-git\allegro-git\src\display_settings.c:191  debug_display_settings           [   0.29118] color: 16 (rgba 5650), depth: 16, stencil: 0, acc: 0000, samples: 5/1
display  D d:\Libraries\build\allegro\src\allegro-git\allegro-git\src\display_settings.c:377  _al_score_display_settings       [   0.29119] Single Buffer requirement not met.
display  D d:\Libraries\build\allegro\src\allegro-git\allegro-git\src\display_settings.c:191  debug_display_settings           [   0.29120] color: 16 (rgba 5650), depth: 16, stencil: 0, acc: 0000, samples: 6/1
display  D d:\Libraries\build\allegro\src\allegro-git\allegro-git\src\display_settings.c:377  _al_score_display_settings       [   0.29122] Single Buffer requirement not met.
display  D d:\Libraries\build\allegro\src\allegro-git\allegro-git\src\display_settings.c:191  debug_display_settings           [   0.29123] color: 16 (rgba 5650), depth: 16, stencil: 0, acc: 0000, samples: 7/1
display  D d:\Libraries\build\allegro\src\allegro-git\allegro-git\src\display_settings.c:377  _al_score_display_settings       [   0.29124] Single Buffer requirement not met.
display  D d:\Libraries\build\allegro\src\allegro-git\allegro-git\src\display_settings.c:191  debug_display_settings           [   0.29125] color: 16 (rgba 5650), depth: 16, stencil: 0, acc: 0000, samples: 8/1
display  D d:\Libraries\build\allegro\src\allegro-git\allegro-git\src\display_settings.c:377  _al_score_display_settings       [   0.29126] Single Buffer requirement not met.
d3d      D d:\Libraries\build\allegro\src\allegro-git\allegro-git\src\win\d3d_disp.cpp:1645 d3d_create_display_internals     [   0.29132] Trying format 0.
d3d      I d:\Libraries\build\allegro\src\allegro-git\allegro-git\src\win\d3d_disp.cpp:1326 d3d_display_thread_proc          [   0.29188] Chose a display format: 23
d3d      I d:\Libraries\build\allegro\src\allegro-git\allegro-git\src\win\d3d_disp.cpp:1395 d3d_display_thread_proc          [   0.29192] Normal window.
d3d      I d:\Libraries\build\allegro\src\allegro-git\allegro-git\src\win\d3d_disp.cpp:801  d3d_create_device                [   0.34200] Using no depth stencil buffer
d3d      D d:\Libraries\build\allegro\src\allegro-git\allegro-git\src\win\d3d_disp.cpp:866  d3d_create_device                [   0.38684] BeginScene succeeded in create_device
d3d      D d:\Libraries\build\allegro\src\allegro-git\allegro-git\src\win\d3d_disp.cpp:874  d3d_create_device                [   0.38689] Success
d3d      D d:\Libraries\build\allegro\src\allegro-git\allegro-git\src\win\d3d_disp.cpp:1668 d3d_create_display_internals     [   0.38696] Resumed after wait.
d3d      I d:\Libraries\build\allegro\src\allegro-git\allegro-git\src\win\d3d_disp.cpp:1701 d3d_create_display_internals     [   0.38706] Format 0 succeeded.
d3d      D d:\Libraries\build\allegro\src\allegro-git\allegro-git\src\win\d3d_disp.cpp:1724 d3d_create_display_internals     [   0.38711] Returning d3d_display: 012ACA00
d3d      D d:\Libraries\build\allegro\src\allegro-git\allegro-git\src\win\d3d_disp.cpp:1749 d3d_create_display_locked        [   0.38712] al_display=012ACA00
d3d      D d:\Libraries\build\allegro\src\allegro-git\allegro-git\src\win\d3d_disp.cpp:1750 d3d_create_display_locked        [   0.38713] al_display->vt=012A0518
dtor     D d:\Libraries\build\allegro\src\allegro-git\allegro-git\src\dtor.c:184  _al_register_destructor          [   0.39119] added dtor for object 036ADDB0, func 6CF8BF0A
dtor     D d:\Libraries\build\allegro\src\allegro-git\allegro-git\src\dtor.c:184  _al_register_destructor          [   0.39123] added dtor for object 036ADE70, func 6CFE04C0
d3d      D d:\Libraries\build\allegro\src\allegro-git\allegro-git\src\win\d3d_disp.cpp:1166 real_choose_bitmap_format        [   0.40124] Fake format
d3d      D d:\Libraries\build\allegro\src\allegro-git\allegro-git\src\win\d3d_disp.cpp:1166 real_choose_bitmap_format        [   0.40128] Fake format
d3d      D d:\Libraries\build\allegro\src\allegro-git\allegro-git\src\win\d3d_disp.cpp:1166 real_choose_bitmap_format        [   0.40130] Fake format
d3d      D d:\Libraries\build\allegro\src\allegro-git\allegro-git\src\win\d3d_disp.cpp:1166 real_choose_bitmap_format        [   0.40131] Fake format
d3d      D d:\Libraries\build\allegro\src\allegro-git\allegro-git\src\win\d3d_disp.cpp:1166 real_choose_bitmap_format        [   0.40132] Fake format
d3d      D d:\Libraries\build\allegro\src\allegro-git\allegro-git\src\win\d3d_disp.cpp:1166 real_choose_bitmap_format        [   0.40133] Fake format
d3d      D d:\Libraries\build\allegro\src\allegro-git\allegro-git\src\win\d3d_disp.cpp:1166 real_choose_bitmap_format        [   0.40134] Fake format
d3d      D d:\Libraries\build\allegro\src\allegro-git\allegro-git\src\win\d3d_disp.cpp:1166 real_choose_bitmap_format        [   0.40135] Fake format
d3d      D d:\Libraries\build\allegro\src\allegro-git\allegro-git\src\win\d3d_disp.cpp:1166 real_choose_bitmap_format        [   0.40136] Fake format
d3d      D d:\Libraries\build\allegro\src\allegro-git\allegro-git\src\win\d3d_disp.cpp:1174 real_choose_bitmap_format        [   0.40137] Alpha doesn't match
d3d      D d:\Libraries\build\allegro\src\allegro-git\allegro-git\src\win\d3d_disp.cpp:1181 real_choose_bitmap_format        [   0.40138] Adapter format is 23
d3d      D d:\Libraries\build\allegro\src\allegro-git\allegro-git\src\win\d3d_disp.cpp:1184 real_choose_bitmap_format        [   0.40139] Found a format
d3d      I d:\Libraries\build\allegro\src\allegro-git\allegro-git\src\win\d3d_disp.cpp:2283 _al_d3d_create_bitmap            [   0.40140] Chose bitmap format 9
dtor     D d:\Libraries\build\allegro\src\allegro-git\allegro-git\src\dtor.c:184  _al_register_destructor          [   0.40172] added dtor for object 036AEF98, func 6CF6DCCE
d3d      D d:\Libraries\build\allegro\src\allegro-git\allegro-git\src\win\d3d_bmp.cpp:467  _al_d3d_sync_bitmap              [   0.41339] _al_d3d_sync_bitmap (system) ref count == 1
d3d      D d:\Libraries\build\allegro\src\allegro-git\allegro-git\src\win\d3d_bmp.cpp:473  _al_d3d_sync_bitmap              [   0.41344] _al_d3d_sync_bitmap (video) ref count == 1
d3d      D d:\Libraries\build\allegro\src\allegro-git\allegro-git\src\win\d3d_disp.cpp:1166 real_choose_bitmap_format        [   0.42951] Fake format
d3d      D d:\Libraries\build\allegro\src\allegro-git\allegro-git\src\win\d3d_disp.cpp:1166 real_choose_bitmap_format        [   0.42956] Fake format
d3d      D d:\Libraries\build\allegro\src\allegro-git\allegro-git\src\win\d3d_disp.cpp:1166 real_choose_bitmap_format        [   0.42957] Fake format
d3d      D d:\Libraries\build\allegro\src\allegro-git\allegro-git\src\win\d3d_disp.cpp:1166 real_choose_bitmap_format        [   0.42959] Fake format
d3d      D d:\Libraries\build\allegro\src\allegro-git\allegro-git\src\win\d3d_disp.cpp:1166 real_choose_bitmap_format        [   0.42960] Fake format
d3d      D d:\Libraries\build\allegro\src\allegro-git\allegro-git\src\win\d3d_disp.cpp:1166 real_choose_bitmap_format        [   0.42961] Fake format
d3d      D d:\Libraries\build\allegro\src\allegro-git\allegro-git\src\win\d3d_disp.cpp:1166 real_choose_bitmap_format        [   0.42962] Fake format
d3d      D d:\Libraries\build\allegro\src\allegro-git\allegro-git\src\win\d3d_disp.cpp:1166 real_choose_bitmap_format        [   0.42964] Fake format
d3d      D d:\Libraries\build\allegro\src\allegro-git\allegro-git\src\win\d3d_disp.cpp:1166 real_choose_bitmap_format        [   0.42965] Fake format
d3d      D d:\Libraries\build\allegro\src\allegro-git\allegro-git\src\win\d3d_disp.cpp:1174 real_choose_bitmap_format        [   0.42966] Alpha doesn't match
d3d      D d:\Libraries\build\allegro\src\allegro-git\allegro-git\src\win\d3d_disp.cpp:1181 real_choose_bitmap_format        [   0.42967] Adapter format is 23
d3d      D d:\Libraries\build\allegro\src\allegro-git\allegro-git\src\win\d3d_disp.cpp:1184 real_choose_bitmap_format        [   0.42969] Found a format
d3d      I d:\Libraries\build\allegro\src\allegro-git\allegro-git\src\win\d3d_disp.cpp:2283 _al_d3d_create_bitmap            [   0.42970] Chose bitmap format 9
dtor     D d:\Libraries\build\allegro\src\allegro-git\allegro-git\src\dtor.c:184  _al_register_destructor          [   0.43004] added dtor for object 036AF078, func 6CF6DCCE
d3d      D d:\Libraries\build\allegro\src\allegro-git\allegro-git\src\win\d3d_bmp.cpp:467  _al_d3d_sync_bitmap              [   0.43096] _al_d3d_sync_bitmap (system) ref count == 1
d3d      D d:\Libraries\build\allegro\src\allegro-git\allegro-git\src\win\d3d_bmp.cpp:473  _al_d3d_sync_bitmap              [   0.43100] _al_d3d_sync_bitmap (video) ref count == 1
d3d      D d:\Libraries\build\allegro\src\allegro-git\allegro-git\src\win\d3d_disp.cpp:1166 real_choose_bitmap_format        [   0.43360] Fake format
d3d      D d:\Libraries\build\allegro\src\allegro-git\allegro-git\src\win\d3d_disp.cpp:1166 real_choose_bitmap_format        [   0.43362] Fake format
d3d      D d:\Libraries\build\allegro\src\allegro-git\allegro-git\src\win\d3d_disp.cpp:1166 real_choose_bitmap_format        [   0.43364] Fake format
d3d      D d:\Libraries\build\allegro\src\allegro-git\allegro-git\src\win\d3d_disp.cpp:1166 real_choose_bitmap_format        [   0.43365] Fake format
d3d      D d:\Libraries\build\allegro\src\allegro-git\allegro-git\src\win\d3d_disp.cpp:1166 real_choose_bitmap_format        [   0.43366] Fake format
d3d      D d:\Libraries\build\allegro\src\allegro-git\allegro-git\src\win\d3d_disp.cpp:1166 real_choose_bitmap_format        [   0.43367] Fake format
d3d      D d:\Libraries\build\allegro\src\allegro-git\allegro-git\src\win\d3d_disp.cpp:1166 real_choose_bitmap_format        [   0.43368] Fake format
d3d      D d:\Libraries\build\allegro\src\allegro-git\allegro-git\src\win\d3d_disp.cpp:1166 real_choose_bitmap_format        [   0.43369] Fake format
d3d      D d:\Libraries\build\allegro\src\allegro-git\allegro-git\src\win\d3d_disp.cpp:1166 real_choose_bitmap_format        [   0.43370] Fake format
d3d      D d:\Libraries\build\allegro\src\allegro-git\allegro-git\src\win\d3d_disp.cpp:1174 real_choose_bitmap_format        [   0.43371] Alpha doesn't match
d3d      D d:\Libraries\build\allegro\src\allegro-git\allegro-git\src\win\d3d_disp.cpp:1181 real_choose_bitmap_format        [   0.43372] Adapter format is 23
d3d      D d:\Libraries\build\allegro\src\allegro-git\allegro-git\src\win\d3d_disp.cpp:1184 real_choose_bitmap_format        [   0.43374] Found a format
d3d      I d:\Libraries\build\allegro\src\allegro-git\allegro-git\src\win\d3d_disp.cpp:2283 _al_d3d_create_bitmap            [   0.43375] Chose bitmap format 9
dtor     D d:\Libraries\build\allegro\src\allegro-git\allegro-git\src\dtor.c:184  _al_register_destructor          [   0.43398] added dtor for object 036BA920, func 6CF6DCCE
d3d      D d:\Libraries\build\allegro\src\allegro-git\allegro-git\src\win\d3d_bmp.cpp:467  _al_d3d_sync_bitmap              [   0.44297] _al_d3d_sync_bitmap (system) ref count == 1
d3d      D d:\Libraries\build\allegro\src\allegro-git\allegro-git\src\win\d3d_bmp.cpp:473  _al_d3d_sync_bitmap              [   0.44301] _al_d3d_sync_bitmap (video) ref count == 1
d3d      D d:\Libraries\build\allegro\src\allegro-git\allegro-git\src\win\d3d_bmp.cpp:467  _al_d3d_sync_bitmap              [   0.54970] _al_d3d_sync_bitmap (system) ref count == 1
d3d      D d:\Libraries\build\allegro\src\allegro-git\allegro-git\src\win\d3d_bmp.cpp:473  _al_d3d_sync_bitmap              [   0.54974] _al_d3d_sync_bitmap (video) ref count == 1
d3d      D d:\Libraries\build\allegro\src\allegro-git\allegro-git\src\win\d3d_bmp.cpp:467  _al_d3d_sync_bitmap              [   0.55071] _al_d3d_sync_bitmap (system) ref count == 1
d3d      D d:\Libraries\build\allegro\src\allegro-git\allegro-git\src\win\d3d_bmp.cpp:473  _al_d3d_sync_bitmap              [   0.55074] _al_d3d_sync_bitmap (video) ref count == 1
d3d      D d:\Libraries\build\allegro\src\allegro-git\allegro-git\src\win\d3d_bmp.cpp:467  _al_d3d_sync_bitmap              [   0.55132] _al_d3d_sync_bitmap (system) ref count == 1
d3d      D d:\Libraries\build\allegro\src\allegro-git\allegro-git\src\win\d3d_bmp.cpp:473  _al_d3d_sync_bitmap              [   0.55136] _al_d3d_sync_bitmap (video) ref count == 1
dtor     D d:\Libraries\build\allegro\src\allegro-git\allegro-git\src\dtor.c:214  _al_unregister_destructor        [   4.63282] removed dtor for object 036AEF98
dtor     D d:\Libraries\build\allegro\src\allegro-git\allegro-git\src\dtor.c:214  _al_unregister_destructor        [   4.63356] removed dtor for object 036AF078
dtor     D d:\Libraries\build\allegro\src\allegro-git\allegro-git\src\dtor.c:214  _al_unregister_destructor        [   4.63385] removed dtor for object 036BA920
dtor     D d:\Libraries\build\allegro\src\allegro-git\allegro-git\src\dtor.c:214  _al_unregister_destructor        [   4.64674] removed dtor for object 036ADE70
dtor     D d:\Libraries\build\allegro\src\allegro-git\allegro-git\src\dtor.c:214  _al_unregister_destructor        [   4.64679] removed dtor for object 036ADDB0
d3d      I d:\Libraries\build\allegro\src\allegro-git\allegro-git\src\win\d3d_disp.cpp:921  d3d_destroy_display              [   4.64681] destroying display 012ACA00 (current 00000000)
d3d      D d:\Libraries\build\allegro\src\allegro-git\allegro-git\src\win\d3d_disp.cpp:905  d3d_destroy_display_internals    [   4.64683] waiting for display 012ACA00's thread to end
d3d      W d:\Libraries\build\allegro\src\allegro-git\allegro-git\src\win\d3d_disp.cpp:617  d3d_destroy_device               [   4.66192] d3d_destroy_device: ref count not 0
d3d      I d:\Libraries\build\allegro\src\allegro-git\allegro-git\src\win\d3d_disp.cpp:1527 d3d_display_thread_proc          [   4.67740] d3d display thread exits
